détail,état_tv,adresse,prix,image_lien
,Neuf,"Grand-Dakar,
                                                                                Dakar",25 000 F Cfa,https://i.roamcdn.net/hz/ed/listing-thumb-224w/40712c576e07ab9f52f753ecffd34bd5/-/horizon-files-prod/ed/picture/qpdp8wx2/876ca19313baf8b0e8aa112e675dfd20095de499.png
,D'occasion,"Amitié,
                                                                                Dakar",1 F Cfa,https://i.roamcdn.net/hz/ed/listing-thumb-224w/7fd31ece936bf7b99a66ced7fc5002c2/-/horizon-files-prod/ed/picture/qng900n9/19fa474c6515f3ec8b28ce24655091054fba3efc.jpg
,Neuf,"Médina,
                                                                                Dakar",,https://i.roamcdn.net/hz/ed/listing-thumb-224w/d389d2dc80f47daf5bf59d0c04fa298f/-/horizon-files-prod/ed/picture/qkz465j/38b023a4dd8817cd38534d23dba123ab47f5243a.jpg
,Neuf,"Médina,
                                                                                Dakar",60 000 F Cfa,https://i.roamcdn.net/hz/ed/listing-thumb-224w/ac80258bfd09a67bb42e5e22fb7e4a63/-/horizon-files-prod/ed/picture/migrated/qq95xgk/f41ac2d0059a64c8576bc746374e2951b99720c5.jpg
,Neuf,"Médina,
                                                                                Dakar",40 000 F Cfa,https://i.roamcdn.net/hz/ed/listing-thumb-224w/4860607bb1e7d0105fba94c56feba739/-/horizon-files-prod/ed/picture/qngdr50r/f465d9a72463e51dd50b7ca5f2e681cc0ba4b631.jpg
,Neuf,"Pikine,
                                                                                Dakar",75 000 F Cfa,https://i.roamcdn.net/hz/ed/listing-thumb-224w/aca8f908f064e9b97886879b6f5c2137/-/horizon-files-prod/ed/picture/q8vmkz8p/1224f567615271539230ba1754237f03ca5a5460.jpg
,Venant,"Hlm,
                                                                                Dakar",1 F Cfa,https://i.roamcdn.net/hz/ed/listing-thumb-224w/40f95b9682a9b5f23da5904073b402e7/-/horizon-files-prod/ed/picture/qng90djk/b51456f0ca0f655f058d40e97d94d5ae35a8d160.jpg
,Neuf,"Liberte 5,
                                                                                Dakar",35 000 F Cfa,https://i.roamcdn.net/hz/ed/listing-thumb-224w/444773512f2801529371c8e3fb57d824/-/horizon-files-prod/ed/picture/qxvzn44/f90289ae90b90ec9d651c9e288c1ea81d0b0fb10.jpg
,Neuf,"Almadies 2,
                                                                                Dakar",50 000 F Cfa,https://i.roamcdn.net/hz/ed/listing-thumb-224w/d454b3d4cccc71db315d3c4033566a70/-/horizon-files-prod/ed/picture/qrzrnrw8/56cb0c8213d831ce13b31495b3d3ce53c49b9890.jpg
,D'occasion,"Almadies 2,
                                                                                Dakar",50 000 F Cfa,https://i.roamcdn.net/hz/ed/listing-thumb-224w/9ed3e1c04f0c28b468804897a890bef4/-/horizon-files-prod/ed/picture/qgqmpmr4/22b0572248ca38d6b80df8930948aace47661d61.jpg
,Neuf,"Grand-Dakar,
                                                                                Dakar",15 000 F Cfa,https://i.roamcdn.net/hz/ed/listing-thumb-224w/7884f07beeac41328467ca50f0aef5a0/-/horizon-files-prod/ed/picture/q787g6rz/8d2ecd5655f7460a0f677444d49eb5d07f19f050.jpg
,Neuf,"Médina,
                                                                                Dakar",2 000 F Cfa,https://i.roamcdn.net/hz/ed/listing-thumb-224w/5b8495783aad2fd06d42d1a7fd17dbd5/-/horizon-files-prod/ed/picture/qxj86p48/abc4ca277c3179a7692f668cf3a5778551202bb0.jpg
,Neuf,"Sicap Liberté,
                                                                                Dakar",50 000 F Cfa,https://i.roamcdn.net/hz/ed/listing-thumb-224w/f014260bd8e37f040a4f36a885759dd8/-/horizon-files-prod/ed/picture/q2jk7vp6/9f256c08ca6da09dc2399392a05c30c7114f9861.jpg
,Neuf,"Grand-Dakar,
                                                                                Dakar",10 000 F Cfa,https://i.roamcdn.net/hz/ed/listing-thumb-224w/a00f772f7506af5321a639d7a6a810e4/-/horizon-files-prod/ed/picture/qwep6qkk/8fbda44a494cd8ec9be71b46e056daa8918a0e94.jpg
,Neuf,"Grand-Dakar,
                                                                                Dakar",35 000 F Cfa,https://i.roamcdn.net/hz/ed/listing-thumb-224w/8d5db31cd0e8b2d6dca2e685699f3291/-/horizon-files-prod/ed/picture/q56dz05g/d2a3fb5ec5d7ad776f21d956d63e2517386bf6be.png
,Neuf,"Gueule-Tapée,
                                                                                Dakar",40 000 F Cfa,https://i.roamcdn.net/hz/ed/listing-thumb-224w/1ad8c6acab01b204556df3b03378ebcf/-/horizon-files-prod/ed/picture/q2jk72wv/c2a2b203cd5c87b27eb6ab4e2bbe442384e51f4c.jpg
,Neuf,"Médina,
                                                                                Dakar",50 000 F Cfa,https://i.roamcdn.net/hz/ed/listing-thumb-224w/3b2e76b129856b8a7a62da4bcaa4c5ab/-/horizon-files-prod/ed/picture/q06ep6d/c4eeedee011f5e40c80c2b7206a3e432efaa0e16.jpg
,Neuf,"Mermoz,
                                                                                Dakar",35 000 F Cfa,https://i.roamcdn.net/hz/ed/listing-thumb-224w/bf1c1d061038f725020ded5cbc7c1668/-/horizon-files-prod/ed/picture/qwerg9m0/80f3154b6474724686c74791f00ae3ebafc95b4e.jpg
,Neuf,"Grand-Dakar,
                                                                                Dakar",25 000 F Cfa,https://i.roamcdn.net/hz/ed/listing-thumb-224w/1631c3b366cd2ac5a2bd14d51d8a0adc/-/horizon-files-prod/ed/picture/qvjrkkw/d25057bf76f98556a946f6ddebb077be1d86009e.png
,Neuf,"Virage,
                                                                                Dakar",90 000 F Cfa,https://i.roamcdn.net/hz/ed/listing-thumb-224w/d58f882f98520b38f5ff4a9038ece216/-/horizon-files-prod/ed/picture/q6xqnmm7/8baabe3e53d62f5c20a8444305b6e2b8888b4a4f.jpg
,Neuf,"Parcelles Assainies,
                                                                                Dakar",12 000 F Cfa,https://i.roamcdn.net/hz/ed/listing-thumb-224w/836256076ca24d82f9b178e29f2d7a1e/-/horizon-files-prod/ed/picture/qj46p2k4/8781a7d1e4986d5a2de7e052b2633b70bb00d804.jpg
,Neuf,"Guediawaye,
                                                                                Dakar",13 000 F Cfa,https://i.roamcdn.net/hz/ed/listing-thumb-224w/74096278a496f50a02429d9a514e691a/-/horizon-files-prod/ed/picture/qkr7p0vz/041bbfb7b71f9460c14c9680c6987d71d5973646.jpg
,Neuf,"Sud foire,
                                                                                Dakar",5 000 F Cfa,https://i.roamcdn.net/hz/ed/listing-thumb-224w/13a06a67d1d63344191c4cfde9356508/-/horizon-files-prod/ed/picture/qq4z4mqv/39a42b91a9d7db278ba5e0a15bb57a42ae686466.jpg
,Neuf,"Plateau,
                                                                                Dakar",50 000 F Cfa,https://i.roamcdn.net/hz/ed/listing-thumb-224w/8189997313151471c9a9c34ae43cacbb/-/horizon-files-prod/ed/picture/q0g7rn5w/641520c23ee7f1d2090e95b9174b89cde3581660.jpg
,Neuf,"Castor,
                                                                                Dakar",25 000 F Cfa,https://i.roamcdn.net/hz/ed/listing-thumb-224w/bbc1cf67f702ecbce9f84658e6441af2/-/horizon-files-prod/ed/picture/qm5gxze9/a8b69a2184d7aad1c7a2104e2800897589ddbdf3.jpg
,Neuf,"Dieuppeul,
                                                                                Dakar",50 000 F Cfa,https://i.roamcdn.net/hz/ed/listing-thumb-224w/1309197659571bf7861ef9c723fa84ed/-/horizon-files-prod/ed/picture/qrzrnvvm/21720097cad52bbea53bec6fcec93a1b1a09139e.jpg
,D'occasion,"Médina,
                                                                                Dakar",1 F Cfa,https://i.roamcdn.net/hz/ed/listing-thumb-224w/55cf96cef37c5a8c11e80f4a05c21289/-/horizon-files-prod/ed/picture/qng9xnxm/89c0236aeb242f9253a058475adea8ff03681c66.jpg
,Neuf,"Hann maristes,
                                                                                Dakar",60 000 F Cfa,https://i.roamcdn.net/hz/ed/listing-thumb-224w/5e2e83b98da6832f125cc04ebf7cb458/-/horizon-files-prod/ed/picture/q0gkkm4g/536ec7115de76a6d8e3d4c5beb20d2d55edb4049.jpg
,Neuf,"Hann maristes,
                                                                                Dakar",23 000 F Cfa,https://i.roamcdn.net/hz/ed/listing-thumb-224w/3fad76dcb8867fca376af0b07fab35fa/-/horizon-files-prod/ed/picture/qrzrr9wx/44d3b4d73736a69af69363e163faee192b6bebe5.jpg
,D'occasion,"Yoff,
                                                                                Dakar",,https://i.roamcdn.net/hz/ed/listing-thumb-224w/b4f73018c30c79862a02f6e8bd5beb08/-/horizon-files-prod/ed/picture/qm50054m/9c501095edcdf3e3c6a5341e28b5425608f8397c.jpg
,Venant,"Patte d‘oie,
                                                                                Dakar",,https://i.roamcdn.net/hz/ed/listing-thumb-224w/d22cc30f492037a439a244c268a4a932/-/horizon-files-prod/ed/picture/q2jkkjn6/759f5cf65f1120bd231fc9518f3f04d26d02ffc0.jpg
,Neuf,"Bel air,
                                                                                Dakar",25 000 F Cfa,https://i.roamcdn.net/hz/ed/listing-thumb-224w/4e868f8a2bfeaae731eecef5517af4ee/-/horizon-files-prod/ed/picture/q6xqq89g/866e0ab33e4d7cdc6629e9b16b5784ae7ead0859.png
,D'occasion,"Rufisque,
                                                                                Dakar",245 000 F Cfa,https://i.roamcdn.net/hz/ed/listing-thumb-224w/bac6897672f64668f5413c96d5fcfd41/-/horizon-files-prod/ed/picture/q2jkr4j8/e251d649a44e85120394776c73a5e152f1285838.jpg
,Neuf,"Patte d‘oie,
                                                                                Dakar",,https://i.roamcdn.net/hz/ed/listing-thumb-224w/1ec3cf2bb976994e804a050651420bc9/-/horizon-files-prod/ed/picture/migrated/q27rqwj/8f94b28300b6448927ad77adaa57010d28ac9e00.jpg
,Neuf,"Médina,
                                                                                Dakar",,https://i.roamcdn.net/hz/ed/listing-thumb-224w/0da4182a6d99a76b244eb9aba06782f5/-/horizon-files-prod/ed/picture/qj07ek8/c90c9dd3dcefbc97f56f05ca9c488c1ed7ac2b9c.jpg
,Venant,"Hlm,
                                                                                Dakar",275 000 F Cfa,https://i.roamcdn.net/hz/ed/listing-thumb-224w/ff65bb15aa4fd514bc09ed04f4794a70/-/horizon-files-prod/ed/picture/q0gkkd78/f2613f1bad2bf5547350e30c7be20efb88f6b79a.jpg
,Neuf,"Hann marinas,
                                                                                Dakar",10 000 F Cfa,https://i.roamcdn.net/hz/ed/listing-thumb-224w/5a2491abcce07edbfa93b1ba7836cac7/-/horizon-files-prod/ed/picture/qj466244/f7582a306bf89d755b400b0fe0bb4c25717522c2.jpg
,Neuf,"Dieuppeul,
                                                                                Dakar",550 000 F Cfa,https://i.roamcdn.net/hz/ed/listing-thumb-224w/49e93f9a11abf117a62d554a2a580c72/-/horizon-files-prod/ed/picture/q4455r95/1b8cf5de8b2758ea98eb05cdec0b5ad947e717b0.jpg
,Neuf,"Guediawaye,
                                                                                Dakar",80 000 F Cfa,https://i.roamcdn.net/hz/ed/listing-thumb-224w/1aadfc8553081fd97d85b86b1dd9443e/-/horizon-files-prod/ed/picture/q0gkknm8/59816082a7a9d521fd27538f4f9661794eff4945.jpg
,Neuf,"Plateau,
                                                                                Dakar",25 000 F Cfa,https://i.roamcdn.net/hz/ed/listing-thumb-224w/35d6e6cb3456443a9a43a21176a39776/-/horizon-files-prod/ed/picture/q0g7rxz6/54cbb4d617f51c729f316bff89b7530b8300c5c8.png
,Neuf,"Sicap Liberté,
                                                                                Dakar",38 000 F Cfa,https://i.roamcdn.net/hz/ed/listing-thumb-224w/483d1e329263469208ca55c5fa9f99a3/-/horizon-files-prod/ed/picture/q56ppxpp/ef1df155fd5e0863423b0bf415b88dd4ca9c4839.jpg
,Venant,"Ouakam,
                                                                                Dakar",3 500 000 F Cfa,https://i.roamcdn.net/hz/ed/listing-thumb-224w/88520efaf7308bc331f581e6a678b960/-/horizon-files-prod/ed/picture/qwerrzpd/3c39e971d88301784beed10d741c843a21d370d4.jpg
,Neuf,"Hann maristes,
                                                                                Dakar",58 000 F Cfa,https://i.roamcdn.net/hz/ed/listing-thumb-224w/92ffef59b69ae8756a531edfd969429c/-/horizon-files-prod/ed/picture/q0gkk2z8/fce8f1a3737240b5eaf45175455a2f9169d276bb.jpg
,D'occasion,"Patte d‘oie,
                                                                                Dakar",,https://i.roamcdn.net/hz/ed/listing-thumb-224w/6d194cde682c8df64e6b27cbbec19d83/-/horizon-files-prod/ed/picture/q44554mz/9ee633448bbb1553cee191d10e2481b1d01a5553.jpg
,Venant,"Patte d‘oie,
                                                                                Dakar",,https://i.roamcdn.net/hz/ed/listing-thumb-224w/17885c1672b1767e1dafcb54cfd803e2/-/horizon-files-prod/ed/picture/qq4zz48w/70f65a59d55c284b7420129b956fa69e3ef6f837.jpg
,Neuf,"Hlm grand-yoff,
                                                                                Dakar",180 000 F Cfa,https://i.roamcdn.net/hz/ed/listing-thumb-224w/3065cda0006ea3437b0eb44f950b1ba0/-/horizon-files-prod/ed/picture/qv4dd4q5/e76d17c6d8ea4f27ebb00c6de41a4cb580783662.jpg
,Venant,"Mbour,
                                                                                Thiès",1 F Cfa,https://i.roamcdn.net/hz/ed/listing-thumb-224w/4a5230ff58ded651f057b2de5c83ddb7/-/horizon-files-prod/ed/picture/q6xqqx7v/f7b76ae0c07d849523f757149ec2307a9f13f4a5.jpg
,Neuf,"Hlm grand-yoff,
                                                                                Dakar",3 500 000 F Cfa,https://i.roamcdn.net/hz/ed/listing-thumb-224w/c3c500cc6296dee9c866f1f22b80703a/-/horizon-files-prod/ed/picture/q9mkj4wv/c60b3952f4bf27a59208581ab9e1c30e8f82d3c1.jpg
,Neuf,"Patte d‘oie,
                                                                                Dakar",8 000 F Cfa,https://i.roamcdn.net/hz/ed/listing-thumb-224w/d9eb9878fc0198cf0f587d77efbbdec3/-/horizon-files-prod/ed/picture/qvqv6w2/d100cfa94b7dd7b93a6c464b0177d2311baf59eb.jpg
,D'occasion,"Cambérène,
                                                                                Dakar",650 000 F Cfa,https://i.roamcdn.net/hz/ed/listing-thumb-224w/f5804469e2b187055cd8dee79f49cd79/-/horizon-files-prod/ed/picture/qenrvm69/e3966c038a460c20cfd9ec273c2a6be87b744530.jpg
,Neuf,"Grand-Dakar,
                                                                                Dakar",60 000 F Cfa,https://i.roamcdn.net/hz/ed/listing-thumb-224w/153f8559245c20f5f78f39deffc5c0cc/-/horizon-files-prod/ed/picture/q0gw426w/8673bb26658f6bb331ea3774faaacd07597126c1.jpg
,Neuf,"Grand-Dakar,
                                                                                Dakar",15 000 F Cfa,https://i.roamcdn.net/hz/ed/listing-thumb-224w/f30743a63204075f90d7169f22d98ef8/-/horizon-files-prod/ed/picture/q566jgx5/db3665c66357413b17c0c11b4c1f7b774b3de90e.jpg
,Venant,"Ouest foire,
                                                                                Dakar",80 000 F Cfa,https://i.roamcdn.net/hz/ed/listing-thumb-224w/7cbbd1854eef5addcb35db0bf9898ea1/-/horizon-files-prod/ed/picture/qxj8pndm/588d93b9e5246c79bd465f3107cbfdd77ddc5a6c.jpg
,D'occasion,"Médina,
                                                                                Dakar",25 000 F Cfa,https://i.roamcdn.net/hz/ed/listing-thumb-224w/3828786cce50c3291ca41a80d10129c7/-/horizon-files-prod/ed/picture/qgqwdxd4/cd8fd5aa47786460411a729f9c8acd31f1b08002.jpg
,Neuf,"Liberte 3,
                                                                                Dakar",300 000 F Cfa,https://i.roamcdn.net/hz/ed/listing-thumb-224w/bc79d5cc2a3592965d74381e314c67f4/-/horizon-files-prod/ed/picture/qm50g4m6/986778060a510946da9bff7c99960e0aac73a1cd.jpg
,Neuf,"Liberte 5,
                                                                                Dakar",50 000 F Cfa,https://i.roamcdn.net/hz/ed/listing-thumb-224w/a5daea31852348cf8aa97328324dcfb5/-/horizon-files-prod/ed/picture/qrzr870j/cdf1b50d970fa77f54a6a34276e0a8cac2bef020.jpg
,Neuf,"Grand-Yoff,
                                                                                Dakar",380 000 F Cfa,https://i.roamcdn.net/hz/ed/listing-thumb-224w/735a5532f14f71a540e547be4851f577/-/horizon-files-prod/ed/picture/qpdgm87r/47756b98bdaa1eac37476c50a6205ea3a7156917.jpg
,Neuf,"Liberte 5,
                                                                                Dakar",40 000 F Cfa,https://i.roamcdn.net/hz/ed/listing-thumb-224w/e892092da22c514e11fa4f26d0be2f03/-/horizon-files-prod/ed/picture/q6xqd5zg/32141b34a449490be7a37d27e3f5ca1426c2288a.jpg
,Neuf,"Médina,
                                                                                Dakar",45 000 F Cfa,https://i.roamcdn.net/hz/ed/listing-thumb-224w/10b9c6ab69db025dfb6d19c11dbe7e33/-/horizon-files-prod/ed/picture/qrz24708/3ca4f8ae65a957ec976a033ae9c07a12aba3803b.jpg
,Neuf,"Sud foire,
                                                                                Dakar",50 000 F Cfa,https://i.roamcdn.net/hz/ed/listing-thumb-224w/616e051e138e19e877401ac0b53b133f/-/horizon-files-prod/ed/picture/q9mjzqn6/ca24b6f3be51a15957fe3195e4c4801943c85067.jpg
,Neuf,"Hann maristes,
                                                                                Dakar",7 500 F Cfa,https://i.roamcdn.net/hz/ed/listing-thumb-224w/aac787c0e6f0f06268b9b1867d8a2cb8/-/horizon-files-prod/ed/picture/q8vm45rn/b7e5dc18f031d6dd28e54f9b59c9d2a3382d20c5.png
,Neuf,"Castor,
                                                                                Dakar",12 000 F Cfa,https://i.roamcdn.net/hz/ed/listing-thumb-224w/d557e2e2cefc52222cc1f0cd5f5aa855/-/horizon-files-prod/ed/picture/qv4dwpn5/c42fd1bc1dd5cf7576bf8136e3fb8ee70794f200.jpg
,Neuf,"Guediawaye,
                                                                                Dakar",30 000 F Cfa,https://i.roamcdn.net/hz/ed/listing-thumb-224w/bd3f5e9c3ddc431483dc463f137eb38a/-/horizon-files-prod/ed/picture/qm5g559g/83b7b1d58e9caff51e847c32f805f11a3bd24e94.jpg
,Neuf,"Médina,
                                                                                Dakar",1 F Cfa,https://i.roamcdn.net/hz/ed/listing-thumb-224w/5893ab59329474a2d19ffe9702436d18/-/horizon-files-prod/ed/picture/qj46r0x6/ca330d6156f30043cc6f68ebb90b73a758fdf7db.jpg
,Neuf,"Médina,
                                                                                Dakar",1 F Cfa,https://i.roamcdn.net/hz/ed/listing-thumb-224w/0b4388a333c3e8e71601d5ef391c88c9/-/horizon-files-prod/ed/picture/qde9kqqg/51afe8bf6907d751b7094631dfcc462eff702e8d.jpg
,Neuf,"Castor,
                                                                                Dakar",25 000 F Cfa,https://i.roamcdn.net/hz/ed/listing-thumb-224w/4e5d283c8651f144987d68c56ab7a0f2/-/horizon-files-prod/ed/picture/q6xqkjr4/f034be59406d04da345f5bed3437fcd343f6270f.jpg
,Neuf,"Castor,
                                                                                Dakar",23 000 F Cfa,https://i.roamcdn.net/hz/ed/listing-thumb-224w/5ce79f4a4b15ebf5fa6ee65e1c5070b4/-/horizon-files-prod/ed/picture/q0g7kpqz/1064be84cba1cb1ec7f5d296478d6eb2082c3721.jpg
,Neuf,"Parcelles Assainies,
                                                                                Dakar",30 000 F Cfa,https://i.roamcdn.net/hz/ed/listing-thumb-224w/4534108fdb9c24db184ddc18b478a493/-/horizon-files-prod/ed/picture/qzvp7d66/9a7cbc50455720fb6f20cb0f77d776e07b566f36.jpg
,Neuf,"Grand-Dakar,
                                                                                Dakar",25 000 F Cfa,https://i.roamcdn.net/hz/ed/listing-thumb-224w/94cae65dfa991ea6e4a350eb474b9fd4/-/horizon-files-prod/ed/picture/qxj6q7zm/ebc17c7f0ab32cd1626fd6922d27eab048597174.png
,Neuf,"Grand-Dakar,
                                                                                Dakar",30 000 F Cfa,https://i.roamcdn.net/hz/ed/listing-thumb-224w/4f3929c62b10758fb1e98c36cdd30a9d/-/horizon-files-prod/ed/picture/qkr7gnex/a77ba0bd1b820c6bf16a7e61c96f424000942b70.png
,Neuf,"Hann Bel-Air,
                                                                                Dakar",15 000 F Cfa,https://i.roamcdn.net/hz/ed/listing-thumb-224w/c100e905fcfc0e39502cdf392a0f4ea1/-/horizon-files-prod/ed/picture/q56pxqq6/147012309a299fea4437e0675b518a6d0315be27.jpg
,Neuf,"Dieuppeul,
                                                                                Dakar",200 000 F Cfa,https://i.roamcdn.net/hz/ed/listing-thumb-224w/fe1b7d9db1cc65a34aa003fc43974079/-/horizon-files-prod/ed/picture/qxj82eqm/47afd1e6e78c3e1474197ddd593d00b9f0e18a93.jpg
,Neuf,"Sud foire,
                                                                                Dakar",44 998 F Cfa,https://i.roamcdn.net/hz/ed/listing-thumb-224w/45c7a405f7295552eb330cc35bcd7c33/-/horizon-files-prod/ed/picture/qv4e6px2/7594c4ccf443a2da415f455949f7a5e5c753dbaa.png
,Neuf,"Patte d‘oie,
                                                                                Dakar",10 F Cfa,https://i.roamcdn.net/hz/ed/listing-thumb-224w/fcb19e73e0e0e2e3e59a3cd15ad98c7d/-/horizon-files-prod/ed/picture/qx95v44/b1dd23936087228bf16a8fe50bbd89eac7e9cb0d.jpg
,D'occasion,"Plateau,
                                                                                Dakar",300 000 F Cfa,https://i.roamcdn.net/hz/ed/listing-thumb-224w/1da9c0663024e0759f1be6592a2b23bd/-/horizon-files-prod/ed/picture/q0gkw5jm/4e4c1a45b465ed045945614038cef843f76ed92c.jpg
,Neuf,"Dieuppeul,
                                                                                Dakar",90 000 F Cfa,https://i.roamcdn.net/hz/ed/listing-thumb-224w/e6787bb9edb8212c463c40bed27e829e/-/horizon-files-prod/ed/picture/q78j59eg/ddeff2235f7e654361d5899efed8b4ccf7716b32.jpg
,Neuf,"Dieuppeul,
                                                                                Dakar",200 000 F Cfa,https://i.roamcdn.net/hz/ed/listing-thumb-224w/000231d95a6a80e0800478646f35080a/-/horizon-files-prod/ed/picture/qde9k4v7/1a553fe0efc4827f8ec3f67b291f9564d988773c.jpg
,Neuf,"Dieuppeul,
                                                                                Dakar",450 000 F Cfa,https://i.roamcdn.net/hz/ed/listing-thumb-224w/abb240870ac1ad9d904b5f895e95fdff/-/horizon-files-prod/ed/picture/qkr7g24m/63a917a9375b2d62ec838baf86e8851f1e95d9ad.jpg
,Neuf,"Dieuppeul,
                                                                                Dakar",600 000 F Cfa,https://i.roamcdn.net/hz/ed/listing-thumb-224w/2da946cf65cd8d3d0738c22655472c0f/-/horizon-files-prod/ed/picture/qxj82xr0/d1b3844074cd00c358de04f8c88fb242dd66505f.jpg
,Neuf,"Dieuppeul,
                                                                                Dakar",700 000 F Cfa,https://i.roamcdn.net/hz/ed/listing-thumb-224w/68cc384b28e292951442f405f5d4715f/-/horizon-files-prod/ed/picture/q8vm5n67/56653033340b71041001889cab4592439db3546e.jpg
,Neuf,"Thiès,
                                                                                Thiès",1 F Cfa,https://i.roamcdn.net/hz/ed/listing-thumb-224w/bd5bbe4d06a4ef7096cf6d5016608356/-/horizon-files-prod/ed/picture/qkr7g0m5/150ea9abba255206d518f8ee04be0d4fd103b131.jpg
,Neuf,"Hann maristes,
                                                                                Dakar",22 500 F Cfa,https://i.roamcdn.net/hz/ed/listing-thumb-224w/b8ce0aa90855eb42acbefe815cd9794b/-/horizon-files-prod/ed/picture/qzvpq65n/ef0e2486cedecf8e3dbc386d3171654e8c4afd7c.png
,,Dakar,45 000 F Cfa,https://i.roamcdn.net/hz/ed/listing-thumb-224w/4fe3f6d24248913d46d43d2ec7e1d6f1/-/horizon-files-prod/ed/picture/migrated/q8pg95z/9e2c2fd546a8a44664b4c247f0962963b70ca32b.jpg
,Venant,"Nord foire,
                                                                                Dakar",1 F Cfa,https://i.roamcdn.net/hz/ed/listing-thumb-224w/f276726569bc36fcd435460437a0f9ff/-/horizon-files-prod/ed/picture/qzvpq55q/0f3d6f31bae169ad134466c0675846d24f77f900.jpg
,Neuf,"Parcelles Assainies,
                                                                                Dakar",115 000 F Cfa,https://i.roamcdn.net/hz/ed/listing-thumb-224w/cba761c13a3f60711e9240442844caec/-/horizon-files-prod/ed/picture/qng9x06w/25e4464730aec29e1b20003d8b1fc16b7c5808f7.jpg
,Neuf,"Castor,
                                                                                Dakar",20 000 F Cfa,https://i.roamcdn.net/hz/ed/listing-thumb-224w/bb61053fe0ed39e35f665778f84b3a0a/-/horizon-files-prod/ed/picture/qgq9n46m/8d5996fbfbb7eb65bd6ee9bf46724c6281126ca2.jpg
,Neuf,"Castor,
                                                                                Dakar",15 000 F Cfa,https://i.roamcdn.net/hz/ed/listing-thumb-224w/e8320170348c960243ee10715a722d8e/-/horizon-files-prod/ed/picture/q0gwd60x/9fe3ec5557fc9cdd7728e240ec158184a19bf78e.jpg
,Venant,"Thiaroye,
                                                                                Dakar",100 F Cfa,https://i.roamcdn.net/hz/ed/listing-thumb-224w/a103e12a6365c64f41520902c10c4c92/-/horizon-files-prod/ed/picture/qm50prd9/4deff7a3deb3cf7ac4b7e0c93208d3007aacee23.jpg
,Neuf,"Hann maristes,
                                                                                Dakar",72 000 F Cfa,https://i.roamcdn.net/hz/ed/listing-thumb-224w/619e1f463f9f46525367069750fc2991/-/horizon-files-prod/ed/picture/qde7pqw2/8574871894651fea8e0fb47698ad27fc57cd233e.jpg
,Neuf,"Plateau,
                                                                                Dakar",35 000 F Cfa,https://i.roamcdn.net/hz/ed/listing-thumb-224w/37715014da73fba8e68977faeab530ab/-/horizon-files-prod/ed/picture/migrated/qzzx7jn/86db580a52d4c9255dbed78b7e403d1c99436230.jpg
,Neuf,"Rufisque,
                                                                                Dakar",35 000 F Cfa,https://i.roamcdn.net/hz/ed/listing-thumb-224w/845a24fff9097057268b388df24e8070/-/horizon-files-prod/ed/picture/qm50rxnd/695d17bd31a099be9b557be1d36e5f7c0f1f10a2.jpg
,Neuf,"Castor,
                                                                                Dakar",10 000 F Cfa,https://i.roamcdn.net/hz/ed/listing-thumb-224w/8c604402b57da4b87dc59f88553dff62/-/horizon-files-prod/ed/picture/qkr5557j/c87435018d07a612dd52244461b5e066a8e11bdb.jpg
,Neuf,"Plateau,
                                                                                Dakar",,https://i.roamcdn.net/hz/ed/listing-thumb-224w/40e5102f32f5c9b849c3c755be31175e/-/horizon-files-prod/ed/picture/qde9eme7/f0279ff7c99c72da78a458e303e2f957d376e27e.jpg
,Neuf,"Plateau,
                                                                                Dakar",1 F Cfa,https://i.roamcdn.net/hz/ed/listing-thumb-224w/7a0ac17d09d6c2fbbec1e35ed882f339/-/horizon-files-prod/ed/picture/qm5057jw/a59b3ff4b2cbe395b29eb313711026cc3d4b6aee.jpg
,Neuf,"Plateau,
                                                                                Dakar",,https://i.roamcdn.net/hz/ed/listing-thumb-224w/aeb4d8d4e7155cdee11d28c55c50fd7a/-/horizon-files-prod/ed/picture/qrzrzw6q/240d6f9da81abefdbc943fcdb8381bc804e5314b.jpg
,Neuf,"Médina,
                                                                                Dakar",45 000 F Cfa,https://i.roamcdn.net/hz/ed/listing-thumb-224w/76e67bbc59583412c6d8c1fee81cac9a/-/horizon-files-prod/ed/picture/qenr5nx4/bafc274cc59c25038763ab2df7ec8f68bd714c2c.jpg
,Neuf,"Castor,
                                                                                Dakar",37 500 F Cfa,https://i.roamcdn.net/hz/ed/listing-thumb-224w/a8b881b859ccb0f2c25691a98fdca359/-/horizon-files-prod/ed/picture/q9mk8v70/d40a4a30820401b66b19af1afc4da239ee198dc7.jpg
,Neuf,"Plateau,
                                                                                Dakar",,https://i.roamcdn.net/hz/ed/listing-thumb-224w/b85c9182381181769570a88890ea21a3/-/horizon-files-prod/ed/picture/q8vmv8k0/0ec3e19137bcdd60cc388f20c5f84ac170bea550.jpg
,Neuf,"Plateau,
                                                                                Dakar",,https://i.roamcdn.net/hz/ed/listing-thumb-224w/f23bc13ac0b9e35977e13589f18f2717/-/horizon-files-prod/ed/picture/qkr75dgn/e8417179a82ab1464bc20e9e4edd6eee607d2902.jpg
,Neuf,"Plateau,
                                                                                Dakar",,https://i.roamcdn.net/hz/ed/listing-thumb-224w/3086e5c4a5eb2cd0ba86112dd6394ea8/-/horizon-files-prod/ed/picture/q445d28p/96cb98bbb9c1b41edec43e4f26edd5ede82278c2.jpg
,Neuf,"Plateau,
                                                                                Dakar",,https://i.roamcdn.net/hz/ed/listing-thumb-224w/80031cc6a2b1ce94f2f7c86528fc2a1d/-/horizon-files-prod/ed/picture/qxj86n6z/745e37dcc64345d7091da6e404140e4ddc84c192.jpg
,Neuf,"Mermoz,
                                                                                Dakar",45 000 F Cfa,https://i.roamcdn.net/hz/ed/listing-thumb-224w/403101face62c070309d342beb40ce04/-/horizon-files-prod/ed/picture/qde9w644/c3f2c5c33f9e8f6b7c5a16b5b409a5106b213977.jpg
,Neuf,"Thiaroye,
                                                                                Dakar",50 000 F Cfa,https://i.roamcdn.net/hz/ed/listing-thumb-224w/c7acfd5a8054a003caf319d6743fb43c/-/horizon-files-prod/ed/picture/qj46j24w/f44f0a4c72d5b7f564fc642162d17011d0024317.jpg
,D'occasion,"Guediawaye,
                                                                                Dakar",600 000 F Cfa,https://i.roamcdn.net/hz/ed/listing-thumb-224w/dfb2ec1d0624b0ca2c223860c1d96933/-/horizon-files-prod/ed/picture/qxj86xxq/c1e1b315402b7929238c0f9f649750920661d154.jpg
,Venant,"Patte d‘oie,
                                                                                Dakar",800 000 F Cfa,https://i.roamcdn.net/hz/ed/listing-thumb-224w/dafc37c85f0c2e508eec2c0ee459e779/-/horizon-files-prod/ed/picture/qngxedek/32fe27bd44e0028d342e7a1719c38f2923c35329.jpg
,Neuf,"Liberte 6,
                                                                                Dakar",69 999 F Cfa,https://i.roamcdn.net/hz/ed/listing-thumb-224w/f38b54bb7447cd6d63204f0495402d99/-/horizon-files-prod/ed/picture/q44nmv6e/c1d68cda76ec08ae5f3240fad6698611a81eed45.jpg
,Neuf,"Médina,
                                                                                Dakar",125 000 F Cfa,https://i.roamcdn.net/hz/ed/listing-thumb-224w/39d888c58c128de321d195aec07706f8/-/horizon-files-prod/ed/picture/qq4zd70e/b76aa107f68a111762c1618ee1348f2ec8ecdaf2.jpg
,Neuf,"Ouakam,
                                                                                Dakar",4 000 000 F Cfa,https://i.roamcdn.net/hz/ed/listing-thumb-224w/d79a915a9c07f0c4400233d83477a198/-/horizon-files-prod/ed/picture/qj4q80jr/a10e439e7015a1ed9e3f67606cc98696b304d6bc.jpg
,Neuf,"Plateau,
                                                                                Dakar",25 000 F Cfa,https://i.roamcdn.net/hz/ed/listing-thumb-224w/721ad6adb3a6b2c4b97b9d1c93d3884e/-/horizon-files-prod/ed/picture/migrated/qn72w6x/a1daa125de6742816ed31c8565c71844349cb990.jpg
,Neuf,"Hann maristes,
                                                                                Dakar",24 000 F Cfa,https://i.roamcdn.net/hz/ed/listing-thumb-224w/d99fcdee0f2c3e06912f1edf2204a490/-/horizon-files-prod/ed/picture/q9mjg0jv/0bc964e6b1666eb53159da5fdfe3097d8a8932ac.jpg
,Neuf,"Castor,
                                                                                Dakar",30 000 F Cfa,https://i.roamcdn.net/hz/ed/listing-thumb-224w/66975d4381731b737a73ff0650f87b13/-/horizon-files-prod/ed/picture/qde7r96r/b29419c8024798768638c75f7c68b2f28090f3f9.jpg
,Neuf,"Castor,
                                                                                Dakar",10 000 F Cfa,https://i.roamcdn.net/hz/ed/listing-thumb-224w/21640dec95466bcb0a61c7f777ed2b96/-/horizon-files-prod/ed/picture/qrz8mzk4/5c4f70a8fe20f733ebb8fa1e67b0e3e030ad61fd.jpg
,Neuf,"Grand-Dakar,
                                                                                Dakar",60 000 F Cfa,https://i.roamcdn.net/hz/ed/listing-thumb-224w/67dc01d6a6fd851a62bb1a14f8f27498/-/horizon-files-prod/ed/picture/q94z565/3bdde9ca8596248a7dce0fa248c41885c7dfbc2d.png
,Neuf,"Plateau,
                                                                                Dakar",,https://i.roamcdn.net/hz/ed/listing-thumb-224w/477611059b81ac8ccaa3d0e5fedc5015/-/horizon-files-prod/ed/picture/qwepj8rz/399fe78ec90db84216b9a10bfd2e36558a837f1d.jpg
,Neuf,"Thiaroye,
                                                                                Dakar",32 000 F Cfa,https://i.roamcdn.net/hz/ed/listing-thumb-224w/30def00994402a93d7213710dafe4ec0/-/horizon-files-prod/ed/picture/q78j89nj/a127abeb77e3bd4cc542975b491b6b89b9edef75.jpg
,Neuf,"Thiès,
                                                                                Thiès",1 F Cfa,https://i.roamcdn.net/hz/ed/listing-thumb-224w/86be34edab6007615a80ba2a3fc7b521/-/horizon-files-prod/ed/picture/qq4z4e8p/653bdd6b250746ec021740b31d98d7133f05e6f7.jpg
,Neuf,"Thiès,
                                                                                Thiès",1 F Cfa,https://i.roamcdn.net/hz/ed/listing-thumb-224w/6e9821fcc0bd45a56b6c8f51919def10/-/horizon-files-prod/ed/picture/qenvgjrv/6ae9437d8b52c9a6df56879245d3fd75ef342b64.jpg
,D'occasion,"Ngaparou,
                                                                                Thiès",1 F Cfa,https://i.roamcdn.net/hz/ed/listing-thumb-224w/6ad0dacd424169fc37e9d0777242a1f5/-/horizon-files-prod/ed/picture/q78j8q55/8b55938ab665dddcac5a18e9fb5d5304a6e793c5.jpg
,Neuf,"Plateau,
                                                                                Dakar",1 F Cfa,https://i.roamcdn.net/hz/ed/listing-thumb-224w/a9cd63286d155a7fd0b6a39b481d2a1a/-/horizon-files-prod/ed/picture/q78j8q0j/36ede3a3a704e5b577ceb4fc4a078a0aadefb80d.jpg
,Neuf,"Castor,
                                                                                Dakar",22 500 F Cfa,https://i.roamcdn.net/hz/ed/listing-thumb-224w/4ac0e7a3699cbe89e235c119f90d5eda/-/horizon-files-prod/ed/picture/qkr7rnq5/36dfe660d8b59052b426113f6e310b741c631404.jpg
,Neuf,"Castor,
                                                                                Dakar",35 000 F Cfa,https://i.roamcdn.net/hz/ed/listing-thumb-224w/cee2e567bcf86fcbb2aad70ba24c389a/-/horizon-files-prod/ed/picture/qq4z4xge/398a6b099879976416dbbf243e2bc7b458113f53.jpg
,Neuf,"Castor,
                                                                                Dakar",19 500 F Cfa,https://i.roamcdn.net/hz/ed/listing-thumb-224w/2fac287916d4117150dbc205962d4201/-/horizon-files-prod/ed/picture/qv4d4vx5/0176c69c2bfbc5b03f22529b7f6d678e2ec87b63.jpg
,Neuf,"Dieuppeul,
                                                                                Dakar",3 000 F Cfa,https://i.roamcdn.net/hz/ed/listing-thumb-224w/7a37a2a4e8a10a3f5f3e4b2fbb72119e/-/horizon-files-prod/ed/picture/qgq99req/c1e4bd3dfe6112cae54e0b6b20864a415198b666.jpg
,Neuf,"Castor,
                                                                                Dakar",25 000 F Cfa,https://i.roamcdn.net/hz/ed/listing-thumb-224w/213be9b5d73baa7415010ae2df869a34/-/horizon-files-prod/ed/picture/qngpwmwz/dbaa3fbe20fddc810fe09eac3f4d564c7af470b8.jpg
,Neuf,"Plateau,
                                                                                Dakar",180 000 F Cfa,https://i.roamcdn.net/hz/ed/listing-thumb-224w/7b21bac2975af5887fe6f11b757b538e/-/horizon-files-prod/ed/picture/q0gkg0v6/e8b68fb2ed41eccad650f25e0b518e6333c2ebdf.jpg
,Neuf,"Ouakam,
                                                                                Dakar",40 000 F Cfa,https://i.roamcdn.net/hz/ed/listing-thumb-224w/eb8302ce58ad1d5431d9e6cf04945336/-/horizon-files-prod/ed/picture/migrated/qm0j529/09e8d7e8562a17b34f0d50f9e7e3b42863d46aef.jpg
,Neuf,"Hlm grand-yoff,
                                                                                Dakar",40 000 F Cfa,https://i.roamcdn.net/hz/ed/listing-thumb-224w/a9e7c1cfaa1c55a534c571a84b800946/-/horizon-files-prod/ed/picture/qzv8v5rg/d942ad5da1710f9cc7c6d9073c2478558614672e.jpg
,,"Médina,
                                                                                Dakar",,https://i.roamcdn.net/hz/ed/listing-thumb-224w/563b303312277d5c417385f95bd16f62/-/horizon-files-prod/ed/picture/migrated/q95g0v5/c6b3ffa3e5993d10e7fb0c74e6d83930f9e67479.jpg
,Neuf,"Grand-Yoff,
                                                                                Dakar",105 000 F Cfa,https://i.roamcdn.net/hz/ed/listing-thumb-224w/0bcecdfc4ffde8566f7a9bfb20ed3a8e/-/horizon-files-prod/ed/picture/qzv8vxr9/db93fff71d8c5d5ccbe67983ff631408c0aa4a71.jpg
,D'occasion,"Almadies,
                                                                                Dakar",300 000 F Cfa,https://i.roamcdn.net/hz/ed/listing-thumb-224w/ac4a637bb6fddf5aca5dc99c1190ce54/-/horizon-files-prod/ed/picture/qng9g0re/0f26e7a2b5fecf9c58b4931da1c18eb8cd76d175.jpg
,Neuf,"Castor,
                                                                                Dakar",10 000 F Cfa,https://i.roamcdn.net/hz/ed/listing-thumb-224w/a6920230fe52ae848e0b0bd1b70f75d0/-/horizon-files-prod/ed/picture/qxjpedem/9dba802f41192987ff1cf27a78a2ac807581a6ab.jpg
,Neuf,"Médina,
                                                                                Dakar",45 000 F Cfa,https://i.roamcdn.net/hz/ed/listing-thumb-224w/9f2f17b27646e1291466cd01a4654844/-/horizon-files-prod/ed/picture/qpdmjmqx/55b785d605f8deff9ea5559ead17c786421860b6.jpg
,Neuf,"Ouakam,
                                                                                Dakar",2 000 000 F Cfa,https://i.roamcdn.net/hz/ed/listing-thumb-224w/bd628b3eb876bc0ae3ae2e455ab736f0/-/horizon-files-prod/ed/picture/qxjp0rjq/27dd9dc79495a8732650600b34019344871b160c.jpg
,Neuf,"Ouakam,
                                                                                Dakar",65 000 F Cfa,https://i.roamcdn.net/hz/ed/listing-thumb-224w/d0a6950c9de48d0b1405e58b7192a75d/-/horizon-files-prod/ed/picture/q78wngxq/6c974b28d404d9cc966acc29208233a0b6de2c96.jpg
,Neuf,"Pikine,
                                                                                Dakar",50 000 F Cfa,https://i.roamcdn.net/hz/ed/listing-thumb-224w/f9f65e692840ec0ea17bf93622f4c5ed/-/horizon-files-prod/ed/picture/qxjp0gjv/be70b6a9386f533e0cfe4f9e3b53b01221e98e67.jpg
,Neuf,"Castor,
                                                                                Dakar",18 000 F Cfa,https://i.roamcdn.net/hz/ed/listing-thumb-224w/21c7ade042b7b5d4ca96d08a44e76f71/-/horizon-files-prod/ed/picture/qxj8d4nm/c0d9caf16383b952fa7f2d52fd67e153a69870d3.jpg
,Venant,"Thiès,
                                                                                Thiès",5 F Cfa,https://i.roamcdn.net/hz/ed/listing-thumb-224w/eed943c477ed0382a6e92f0ea217d281/-/horizon-files-prod/ed/picture/qj4qvj25/ea113a7656f9ddcc7a4cc5bc48d9af2cf0716d21.jpg
,Neuf,"Hlm grand-yoff,
                                                                                Dakar",46 000 F Cfa,https://i.roamcdn.net/hz/ed/listing-thumb-224w/d89bf41d6a295f235fcee5b914493a02/-eyJvciI6OTB9/horizon-files-prod/ed/picture/qng95k8v/34205cd8dbe7ad87d5c7656a0f2e1227a653d98e.jpg
,Neuf,"Sicap foire,
                                                                                Dakar",20 000 F Cfa,https://i.roamcdn.net/hz/ed/listing-thumb-224w/6ed216048b379497c6745eef111dc498/-/horizon-files-prod/ed/picture/q56pwq55/de28e397912a2e9971840d7d0d82ca13c64b60fe.png
,Neuf,"Sicap foire,
                                                                                Dakar",30 000 F Cfa,https://i.roamcdn.net/hz/ed/listing-thumb-224w/0935d1da7027ada9e6cdf1aa1218db80/-/horizon-files-prod/ed/picture/q8vm0rd0/0e90606e8546a39f31a3ab0a699b59b094495ebe.png
,Neuf,"Sicap foire,
                                                                                Dakar",35 000 F Cfa,https://i.roamcdn.net/hz/ed/listing-thumb-224w/23db3778a9bb9f9cc1f506723340ce5d/-/horizon-files-prod/ed/picture/qng9582m/d65c1180659dee74695dc21fa393cf6c80637074.png
,Neuf,"Sicap foire,
                                                                                Dakar",25 000 F Cfa,https://i.roamcdn.net/hz/ed/listing-thumb-224w/ecb257b736dc5ec8a9d5bead7ed65c73/-/horizon-files-prod/ed/picture/q0gkpv5j/228162061263204f31dfdaed204ecc603df380a4.png
,Neuf,"Sicap foire,
                                                                                Dakar",5 000 F Cfa,https://i.roamcdn.net/hz/ed/listing-thumb-224w/a181b2af34928b5ff75fec141cc627b9/-/horizon-files-prod/ed/picture/qzv82weq/790988f05ed7f80bdb85b90380623b679f425bc3.png
,Neuf,"Liberte 6,
                                                                                Dakar",5 000 F Cfa,https://i.roamcdn.net/hz/ed/listing-thumb-224w/e6bf38eaa880b8976a7792c4d8e275fd/-/horizon-files-prod/ed/picture/qj46m925/c8f9ad9fcc04f8cf9e842e7c5abb0ce03a354420.png
,Neuf,"Liberte 6,
                                                                                Dakar",5 000 F Cfa,https://i.roamcdn.net/hz/ed/listing-thumb-224w/4235ef13c15e258bbea7bdce645d9825/-/horizon-files-prod/ed/picture/q445jw74/61fe548ce966aa5cb87b697000e2046d5ef372c7.png
,Neuf,"Guediawaye,
                                                                                Dakar",15 000 F Cfa,https://i.roamcdn.net/hz/ed/listing-thumb-224w/a0655bf8be0c9330a3978d15bbaf554e/-/horizon-files-prod/ed/picture/qv4wrdwg/302519559870d15dbaa1b795971468f456d0db1d.jpg
,Neuf,"Hlm grand-yoff,
                                                                                Dakar",40 000 F Cfa,https://i.roamcdn.net/hz/ed/listing-thumb-224w/5b21fda68bd5784257670f538625e32e/-/horizon-files-prod/ed/picture/q2jkznwp/e5a1944f0ef964ccfebcafc5811e5eaa32c9e904.jpg
,Neuf,"Hlm grand-yoff,
                                                                                Dakar",10 000 F Cfa,https://i.roamcdn.net/hz/ed/listing-thumb-224w/4da3671cddcc360db4e91e7215f45b3f/-/horizon-files-prod/ed/picture/q8vm0xzn/6033dc8c75e5a92d71d53f6ab96812dbbccddd33.jpg
,Venant,"Parcelles Assainies,
                                                                                Dakar",35 000 F Cfa,https://i.roamcdn.net/hz/ed/listing-thumb-224w/61cb6ec05a426eccfc40704d10cde0b5/-/horizon-files-prod/ed/picture/qkr89nem/ba7159842702a335009d8e9c4dec53e838a27696.jpg
,Venant,"Parcelles Assainies,
                                                                                Dakar",65 000 F Cfa,https://i.roamcdn.net/hz/ed/listing-thumb-224w/c3e5cafbf2d0a16950ab9cf34f15a1d2/-/horizon-files-prod/ed/picture/qwepq060/41235a60b80c6427ff39e1c02b4342361ff6fc54.jpg
,Neuf,"Castor,
                                                                                Dakar",30 000 F Cfa,https://i.roamcdn.net/hz/ed/listing-thumb-224w/592f0e2a3b7f427abd8f3289701c87d9/-/horizon-files-prod/ed/picture/qrzvdqmm/ab9b0b30ac5ed8dd1ac97ed079bfbdc3162918d3.jpg
,Neuf,"Gibraltar,
                                                                                Dakar",55 000 F Cfa,https://i.roamcdn.net/hz/ed/listing-thumb-224w/e10acc5c004cbc722dc5745430cb73a8/-/horizon-files-prod/ed/picture/q445j5e8/c0083d8507c86e8fd3f3c74cd3aa0c2d1244603d.jpg
,Venant,"Thiès,
                                                                                Thiès",1 F Cfa,https://i.roamcdn.net/hz/ed/listing-thumb-224w/e467d1fd5fbb0c3b1c6c118a4c82ea2d/-/horizon-files-prod/ed/picture/q8vm0457/4f8f63e086c5648ca33757a3d49ef4fcb56fc091.jpg
,Venant,"Thiès,
                                                                                Thiès",1 F Cfa,https://i.roamcdn.net/hz/ed/listing-thumb-224w/b59e55a3ab203c84a6c5cd50fc921668/-/horizon-files-prod/ed/picture/qwermpz0/8dc3ac8f615bf531e1f81363e933f9812974b9c1.jpg
,Venant,"Thiès,
                                                                                Thiès",1 F Cfa,https://i.roamcdn.net/hz/ed/listing-thumb-224w/68a7bb99bb1d4498a012d22c99644dfe/-/horizon-files-prod/ed/picture/qv4dmwpx/f907aedcfbc990dfd5bfdbb65f89ac71312f2b19.jpg
,Venant,"Thiès,
                                                                                Thiès",1 F Cfa,https://i.roamcdn.net/hz/ed/listing-thumb-224w/1671de5881b6024b74df51c4c17ff4aa/-/horizon-files-prod/ed/picture/q6xq7d6v/dc5addeede18c0efed8b23491c7b4f3805336bad.jpg
,D'occasion,"Ouest foire,
                                                                                Dakar",350 000 F Cfa,https://i.roamcdn.net/hz/ed/listing-thumb-224w/df521dcfb671954db3294208c54e9473/-/horizon-files-prod/ed/picture/q445j4m9/57955d03653196479d949b25970f3c603e9ce3a2.jpg
,Neuf,"Ouest foire,
                                                                                Dakar",170 000 F Cfa,https://i.roamcdn.net/hz/ed/listing-thumb-224w/c5fcbfa812465241849072dc73868588/-/horizon-files-prod/ed/picture/qpdmkkjq/cf60ddb0412877610fc887dabafe6358928a852c.jpg
,Neuf,"Nord foire,
                                                                                Dakar",30 000 F Cfa,https://i.roamcdn.net/hz/ed/listing-thumb-224w/0fe012a4409345c232687ca1c00d34d3/-/horizon-files-prod/ed/picture/q448xw4v/45dfd74a057b475f93adaafa97f25d8734c91068.jpg
,Neuf,"Plateau,
                                                                                Dakar",50 000 F Cfa,https://i.roamcdn.net/hz/ed/listing-thumb-224w/18fb2ae6d4e0fe268b99d12668e38292/-/horizon-files-prod/ed/picture/qpdmkk5w/b82105106f9b57993b021e75a420dc16b953c3cb.png
,Venant,"Liberte 6,
                                                                                Dakar",24 000 F Cfa,https://i.roamcdn.net/hz/ed/listing-thumb-224w/4f672b7e5a9a9dc70942f7f1b3711f23/-/horizon-files-prod/ed/picture/q56d7me6/de98261dd57c0a5cfb19f7882fd87d0b2d1939a7.png
,Venant,"Liberte 6,
                                                                                Dakar",32 000 F Cfa,https://i.roamcdn.net/hz/ed/listing-thumb-224w/b0f712fa9f333ea1d1af750dc0fbc62d/-/horizon-files-prod/ed/picture/qrz8dg9m/50a3253ba266d85c3618cce0dfe264dbb1ef0e36.png
,D'occasion,"Parcelles Assainies,
                                                                                Dakar",10 000 F Cfa,https://i.roamcdn.net/hz/ed/listing-thumb-224w/dedc308256c15548acfb9e68f0cb1946/-/horizon-files-prod/ed/picture/q0g7mxpx/b0ab53364c775a322ecea9b7272091c7e3762e04.jpg
,Neuf,"Guediawaye,
                                                                                Dakar",3 000 F Cfa,https://i.roamcdn.net/hz/ed/listing-thumb-224w/6dd42120c6cb5f4d6278b18a1bff9962/-/horizon-files-prod/ed/picture/q2j0prj8/593136af0f273c770ddb17991fc6ad9d69f2c643.jpg
,D'occasion,"Guediawaye,
                                                                                Dakar",300 000 F Cfa,https://i.roamcdn.net/hz/ed/listing-thumb-224w/f79c860b79eba37e380db19c354aa68b/-/horizon-files-prod/ed/picture/qngpmn0m/9995f962116241102a171e1ae4fbab465c473fe5.jpg
,Neuf,"Hlm,
                                                                                Dakar",38 000 F Cfa,https://i.roamcdn.net/hz/ed/listing-thumb-224w/c333f8cf7a94043adfeab5822c89061a/-/horizon-files-prod/ed/picture/qkr8wdrp/1e751226430f6981e8d9bc51d066434796ea2e27.jpg
,Neuf,"Patte d‘oie,
                                                                                Dakar",32 500 F Cfa,https://i.roamcdn.net/hz/ed/listing-thumb-224w/e26991567ce9c4dea1d41cc3671edae5/-/horizon-files-prod/ed/picture/qxe7knj/69d4ae568f569ae79fa26bf543d05c0574e39bf4.jpg
,Neuf,"Grand-Dakar,
                                                                                Dakar",15 000 F Cfa,https://i.roamcdn.net/hz/ed/listing-thumb-224w/fd11666851bb23c7580ec6a4e5e3d092/-/horizon-files-prod/ed/picture/qxjjmgnn/da33f960361f12cd9d220e7c983a14ce52ed2b5b.jpg
,Neuf,"Grand-Dakar,
                                                                                Dakar",15 000 F Cfa,https://i.roamcdn.net/hz/ed/listing-thumb-224w/636d39c3f1415686d4ba1de2e031ff61/-/horizon-files-prod/ed/picture/q62nmnj/b8b123ce861d7f43c70f4d63a2c96400b0bc0eb8.jpg
,Neuf,"Ouest foire,
                                                                                Dakar",40 000 F Cfa,https://i.roamcdn.net/hz/ed/listing-thumb-224w/8e160622580fd1f30abb007a93f7075e/-/horizon-files-prod/ed/picture/q56dnqv2/fd1e1ba88deb399eef18a3f19e2e9830b2869bdc.png
,Neuf,"Grand-Dakar,
                                                                                Dakar",6 500 F Cfa,https://i.roamcdn.net/hz/ed/listing-thumb-224w/aa1678ccfc36597e437b37aaa8693150/-/horizon-files-prod/ed/picture/qqppndw/39dc754f03e34fb480c3abd19007c45840b11e35.jpg
,Neuf,"Castor,
                                                                                Dakar",19 000 F Cfa,https://i.roamcdn.net/hz/ed/listing-thumb-224w/fa3faeed105f27a1c8e9ce7179fb48f2/-/horizon-files-prod/ed/picture/qv4w68w8/8410f6101f7fcba2c48a732ed431f486520dafe4.jpg
,Neuf,"Sicap Liberté,
                                                                                Dakar",1 F Cfa,https://i.roamcdn.net/hz/ed/listing-thumb-224w/bf8ba50810844baa4087a0c5e95c57d4/-/horizon-files-prod/ed/picture/qrz8ek5m/29d24797758bed8da63d7fce32d11352d558abca.png
,Neuf,"Patte d‘oie,
                                                                                Dakar",35 000 F Cfa,https://i.roamcdn.net/hz/ed/listing-thumb-224w/bb4819175ad36d163f8e37759e64cfbc/-/horizon-files-prod/ed/picture/qkr8exp8/a84f60dbae28c205ead6b07c9499087452eb4d76.jpg
,Neuf,"Grand-Dakar,
                                                                                Dakar",35 000 F Cfa,https://i.roamcdn.net/hz/ed/listing-thumb-224w/88ba210aa0dda47da3a526452ac05a16/-/horizon-files-prod/ed/picture/q2j0kj4e/0c0c73feece0e889133ede3c7dabe1afb64ec7bf.png
,Neuf,"Castor,
                                                                                Dakar",15 000 F Cfa,https://i.roamcdn.net/hz/ed/listing-thumb-224w/de643e83d8970d714bc9d8612601e44a/-/horizon-files-prod/ed/picture/q2j060qg/0d7c3ff0bd08f44c81df76f1e1da031145f0e442.jpg
,Neuf,"Grand-Dakar,
                                                                                Dakar",11 000 F Cfa,https://i.roamcdn.net/hz/ed/listing-thumb-224w/24028a0f3ffbbcf5750c22a605d97187/-/horizon-files-prod/ed/picture/qgvx460/8283729cb95bac41e2fe40143027291ef41abca2.jpg
,Neuf,"Grand-Dakar,
                                                                                Dakar",22 000 F Cfa,https://i.roamcdn.net/hz/ed/listing-thumb-224w/8ff3ef708c9592cb0e8cfde61c47a349/-/horizon-files-prod/ed/picture/q9epnp6/dc35e9b55195bbc5aab5f8985fa50aa23ee207c8.png
,Neuf,"Plateau,
                                                                                Dakar",30 000 F Cfa,https://i.roamcdn.net/hz/ed/listing-thumb-224w/164b600bfaa7807c4500dd2d591e0838/-/horizon-files-prod/ed/picture/q6xdj2mv/664655adfc82037ba3be98798e61ffb0ebed4a65.png
,Neuf,"Plateau,
                                                                                Dakar",25 000 F Cfa,https://i.roamcdn.net/hz/ed/listing-thumb-224w/656282455451eec2ec5adc477ff2a906/-/horizon-files-prod/ed/picture/qxjpnnj8/29beb3f7b35fa84c1154f30528595ae7875ae75e.png
,D'occasion,"Ouakam,
                                                                                Dakar",40 000 F Cfa,https://i.roamcdn.net/hz/ed/listing-thumb-224w/7263b3ab2c06b8deea6cf3e1ffa01f31/-/horizon-files-prod/ed/picture/q0gwq576/c10387ff88efb57833e5be67651ff5790ef246d7.jpg
,Neuf,"Plateau,
                                                                                Dakar",50 000 F Cfa,https://i.roamcdn.net/hz/ed/listing-thumb-224w/89d7c4b8f7744d092f35c6e428e7da65/-/horizon-files-prod/ed/picture/migrated/qp00r7v/0ad0f217c397f6c1ad153f5240378ae0d0b21f23.jpg
,Neuf,"Plateau,
                                                                                Dakar",50 000 F Cfa,https://i.roamcdn.net/hz/ed/listing-thumb-224w/dd8c84ba6ed7656ab0e6571ef889f5f0/-/horizon-files-prod/ed/picture/qnmemvr/9b3e4735775ea9fe456f617987a5ff65d95e646e.jpg
,Neuf,"Plateau,
                                                                                Dakar",50 000 F Cfa,https://i.roamcdn.net/hz/ed/listing-thumb-224w/944e24cb4bb7597fb8512b5b3dfa2ae2/-/horizon-files-prod/ed/picture/q785pxnx/980c4b6af3ac82c539fc14979e775350b1db2681.jpg
,Neuf,"Ouakam,
                                                                                Dakar",50 000 F Cfa,https://i.roamcdn.net/hz/ed/listing-thumb-224w/b1ea7e1643d9b48db413f5424f6a5ed3/-/horizon-files-prod/ed/picture/q0g76d26/b2dd6ea262664838b11fea8844270ad73437f844.jpg
,Neuf,"Sicap Liberté,
                                                                                Dakar",1 F Cfa,https://i.roamcdn.net/hz/ed/listing-thumb-224w/0a9e1626ad873c96af90a5f491fc8745/-/horizon-files-prod/ed/picture/qzvpwg4r/50c54bc81363ea0ba26444852f4dfd35a5708eae.jpg
,Neuf,"Sicap Liberté,
                                                                                Dakar",1 F Cfa,https://i.roamcdn.net/hz/ed/listing-thumb-224w/1b7c98026d961b82be2f27a574efcfea/-/horizon-files-prod/ed/picture/q56dq74p/fa8f534044bd25f4fad8ec8ac7f5f37f6c655269.jpg
,Neuf,"Plateau,
                                                                                Dakar",6 000 F Cfa,https://i.roamcdn.net/hz/ed/listing-thumb-224w/c35c06a6733d1ddf2bdbc7d40060115d/-/horizon-files-prod/ed/picture/qkr8njrj/f6cafb782ae19ec9dc5e9aa84358175bcb699f28.jpg
,Neuf,"Plateau,
                                                                                Dakar",6 000 F Cfa,https://i.roamcdn.net/hz/ed/listing-thumb-224w/7c12fe929fefe84a9cac3fe1064d8323/-/horizon-files-prod/ed/picture/qgqw7eve/c5354d592716fefc6ef2af6a70f822d97b30ef2e.png
,Neuf,"Grand-Dakar,
                                                                                Dakar",50 000 F Cfa,https://i.roamcdn.net/hz/ed/listing-thumb-224w/00e12fc273ab5128bd73c6efd88d02b0/-/horizon-files-prod/ed/picture/qxjdq648/70bf3be91be3ef3c7d073343e07a2b7c61ebcaf3.png
,Neuf,"Parcelles Assainies,
                                                                                Dakar",25 000 F Cfa,https://i.roamcdn.net/hz/ed/listing-thumb-224w/5f782a0331125dfa54b82187c8a7e906/-/horizon-files-prod/ed/picture/qgqw7dp9/9fbdb530c43f1c064b423e194423da39ec4f31d7.jpg
,Neuf,"Guediawaye,
                                                                                Dakar",5 000 F Cfa,https://i.roamcdn.net/hz/ed/listing-thumb-224w/7158ae13f66ad01ab17d6b02fe734472/-/horizon-files-prod/ed/picture/qzvpw2vk/f5cf6cea01465fffd809953e05bf7941c0b0e5d5.jpg
,Neuf,"Plateau,
                                                                                Dakar",25 000 F Cfa,https://i.roamcdn.net/hz/ed/listing-thumb-224w/adee6667fda543f11d64a1981d488a55/-/horizon-files-prod/ed/picture/migrated/qp0jmpm/4e3fc5d19a269e364dc84ded6126cf3f061b1270.jpg
,Neuf,"Rufisque,
                                                                                Dakar",100 000 F Cfa,https://i.roamcdn.net/hz/ed/listing-thumb-224w/a354a730fb0b409694ede8e324ee705f/-/horizon-files-prod/ed/picture/qngpk0j9/58e3cb51f2ff0a228ce5f734694149d585a89db5.jpg
,Neuf,"Médina,
                                                                                Dakar",35 000 F Cfa,https://i.roamcdn.net/hz/ed/listing-thumb-224w/6789dd5eef653aabb2f1d5f575a7ce38/-/horizon-files-prod/ed/picture/q9mj2m2p/116560e75379dbe5ab9442a3c9b1d290b6375bbc.jpg
,Neuf,"Sicap Liberté,
                                                                                Dakar",20 000 F Cfa,https://i.roamcdn.net/hz/ed/listing-thumb-224w/f5d3fa550a70b84fda59e9277ebe4cd9/-/horizon-files-prod/ed/picture/q2j0dxg2/e56488d0804e6af12217ba50c02d56f74254f309.jpg
,Neuf,"Grand-Dakar,
                                                                                Dakar",35 000 F Cfa,https://i.roamcdn.net/hz/ed/listing-thumb-224w/32a7636c4ab3771a97bb62265988d667/-/horizon-files-prod/ed/picture/qdek8664/b51447a26b10d45001fafb166d2c51d91ab15e7b.png
,Neuf,"Hann maristes,
                                                                                Dakar",,https://i.roamcdn.net/hz/ed/listing-thumb-224w/a974e86fc72821aba162ef553c6dba89/-/horizon-files-prod/ed/picture/q785gr0x/0ea8438b00b22bfb2f22352ef0b24620acd3beee.jpg
,Neuf,"Grand-Dakar,
                                                                                Dakar",25 000 F Cfa,https://i.roamcdn.net/hz/ed/listing-thumb-224w/fbc54ea48a08cd989795c1202bd45c83/-/horizon-files-prod/ed/picture/qjnk5ed/7f4df55ef9547cb2c621ce87f86bec307041e088.png
,Neuf,"Grand-Dakar,
                                                                                Dakar",20 000 F Cfa,https://i.roamcdn.net/hz/ed/listing-thumb-224w/e0a5f368fdc6ca1d5757186e4fde9004/-/horizon-files-prod/ed/picture/qder6850/df6ba2ce050bead1e2366f666eb5c3eeba799fca.png
,Neuf,"Ouakam,
                                                                                Dakar",20 000 F Cfa,https://i.roamcdn.net/hz/ed/listing-thumb-224w/de1c47b1062f16cbd3820c127e7d0e8f/-/horizon-files-prod/ed/picture/qgq9q858/8680c59a870ee8406296542dc14065c31314de13.jpg
,Neuf,"Liberte 5,
                                                                                Dakar",35 500 F Cfa,https://i.roamcdn.net/hz/ed/listing-thumb-224w/396edad81c03b4e706b8f5c28a3d8c99/-/horizon-files-prod/ed/picture/q785zn2d/61f3154ba9c1e0f6527bb1640c4ba76ce3d3a00f.jpg
,Neuf,"Guediawaye,
                                                                                Dakar",3 000 F Cfa,https://i.roamcdn.net/hz/ed/listing-thumb-224w/a7c49dc6ddbfa99f472ec0553489369c/-/horizon-files-prod/ed/picture/q6xkwe4g/d2999fc4fb98c30046df72d5b0d66707a9330cda.jpg
,Neuf,"Grand-Dakar,
                                                                                Dakar",35 000 F Cfa,https://i.roamcdn.net/hz/ed/listing-thumb-224w/6bc003bf6e501aa01377de9fe359003b/-/horizon-files-prod/ed/picture/qxj2gknq/0be70665dbce4840064546022540ff38f926222e.png
,Neuf,"Sicap Liberté,
                                                                                Dakar",20 000 F Cfa,https://i.roamcdn.net/hz/ed/listing-thumb-224w/be92b48dcc3617801437a18ccdcc42f3/-/horizon-files-prod/ed/picture/q9mjr9d5/7c4cb26823f96d429e5afcad848d10a5e3d6ad4c.jpg
,Neuf,"Guediawaye,
                                                                                Dakar",5 000 F Cfa,https://i.roamcdn.net/hz/ed/listing-thumb-224w/10cc78f3d1d3ad4969f3650adc7042bf/-/horizon-files-prod/ed/picture/q9mj5q8w/19935b16f028ea8cfa2866447fcd988fa41b845c.jpg
,Neuf,"Guediawaye,
                                                                                Dakar",8 000 F Cfa,https://i.roamcdn.net/hz/ed/listing-thumb-224w/9569bb9ce94bc9d452303c64ee25dc38/-/horizon-files-prod/ed/picture/qj4qpe4v/217ff5f7211806686f000034340e26e675ee94cc.jpg
,Neuf,"Sicap Liberté,
                                                                                Dakar",42 000 F Cfa,https://i.roamcdn.net/hz/ed/listing-thumb-224w/f26e7592190186bb4446328c978ec048/-/horizon-files-prod/ed/picture/qv4www52/66606bef6f0f9cf9361eaa99a8f34bce40dcfbb5.jpg
,Neuf,"Guediawaye,
                                                                                Dakar",3 000 F Cfa,https://i.roamcdn.net/hz/ed/listing-thumb-224w/37051ad7e1f908528f54dddec200c161/-/horizon-files-prod/ed/picture/q0g7208z/839a77cc428c5cac950f713987f25c86941f7a1d.jpg
,Venant,"Patte d‘oie,
                                                                                Dakar",5 000 F Cfa,https://i.roamcdn.net/hz/ed/listing-thumb-224w/c78b6f9f02b7c321c21252dae17e6039/-/horizon-files-prod/ed/picture/qvjxkxm/a72390a01a3104a3433ea421ae820d13e1f39edb.jpg
,Neuf,"Parcelles Assainies,
                                                                                Dakar",25 000 F Cfa,https://i.roamcdn.net/hz/ed/listing-thumb-224w/a8d1e7df9f75a81e28960c4586fa5b63/-/horizon-files-prod/ed/picture/qxjp6w00/b60f9009ae9d66b7b1ac6d1e52c4ddc0af59b443.jpg
,Neuf,"Patte d‘oie,
                                                                                Dakar",13 000 F Cfa,https://i.roamcdn.net/hz/ed/listing-thumb-224w/211a33c7a78a5a3fb715a690184d735b/-/horizon-files-prod/ed/picture/qx95nx4/77cf369eff95fb52fd779f790b79119180451556.jpg
,Neuf,"Grand-Dakar,
                                                                                Dakar",10 500 F Cfa,https://i.roamcdn.net/hz/ed/listing-thumb-224w/b92743d121a40d37972536e5ff700745/-/horizon-files-prod/ed/picture/qrzv8deq/50ce807fb94e48a6674416574ac57f4e572e03b6.jpg
,Neuf,"Grand-Dakar,
                                                                                Dakar",50 000 F Cfa,https://i.roamcdn.net/hz/ed/listing-thumb-224w/f2c2a72fd6f65f564e4a271e0335a6a4/-/horizon-files-prod/ed/picture/qzv2j2nx/eaf12c3ee0d3d6909c7cb3630c3e650014161d54.png
,Neuf,"Hann maristes,
                                                                                Dakar",35 000 F Cfa,https://i.roamcdn.net/hz/ed/listing-thumb-224w/17f7f2fe5bd89b4ad95202cadab86f89/-/horizon-files-prod/ed/picture/q78789qj/a98783c926c4d60bb289fd6535719932c905eebb.jpg
,Neuf,"Hann maristes,
                                                                                Dakar",145 000 F Cfa,https://i.roamcdn.net/hz/ed/listing-thumb-224w/38d5e9939f40ff8d1565e9c1db6b03a7/-/horizon-files-prod/ed/picture/q7882g6x/803e090daa884d18af4bf2b0e42d8030458d19e8.jpg
,Neuf,"Plateau,
                                                                                Dakar",1 F Cfa,https://i.roamcdn.net/hz/ed/listing-thumb-224w/c473994213b122e7b62db1f5804b6dae/-/horizon-files-prod/ed/picture/q0m9qg8/9b9ca0344448abf4df8910e143a411e87fc875e6.jpg
,Neuf,"Castor,
                                                                                Dakar",1 F Cfa,https://i.roamcdn.net/hz/ed/listing-thumb-224w/a4988c46db3d33f71ee8484ea46e1250/-/horizon-files-prod/ed/picture/qm5pekq2/99a14f6e529cfa3b77e8b35620ef1b5211352828.jpg
,Neuf,"Hann maristes,
                                                                                Dakar",275 000 F Cfa,https://i.roamcdn.net/hz/ed/listing-thumb-224w/91a64ab939c3bf10ed1d934171f2eb2c/-/horizon-files-prod/ed/picture/qj4j72ng/76be0808adadeaab1bb0f9add69e6b982d45bc5c.jpg
,Neuf,"Hann maristes,
                                                                                Dakar",,https://i.roamcdn.net/hz/ed/listing-thumb-224w/c11a527166592878ad3e4ccebef799cc/-/horizon-files-prod/ed/picture/qwe2p4k0/4d3bc7a05183c4bc54e9c88608044cb69e3ed292.jpg
,Neuf,"Hann maristes,
                                                                                Dakar",149 000 F Cfa,https://i.roamcdn.net/hz/ed/listing-thumb-224w/28c1829cf5466c36c7c0c4b7d132e7e0/-/horizon-files-prod/ed/picture/q2jj4k4g/7a36863f3d545fd721860a89fdd1ba7ab77e946e.jpg
,Neuf,"Hann maristes,
                                                                                Dakar",,https://i.roamcdn.net/hz/ed/listing-thumb-224w/74bdf47242fd1f265a675fd476db3bb6/-/horizon-files-prod/ed/picture/q448nqe2/72c5c3de1b92b294859bf8c719e2f84931fbb3c8.jpg
,Neuf,"Hann maristes,
                                                                                Dakar",25 000 F Cfa,https://i.roamcdn.net/hz/ed/listing-thumb-224w/a6066a2c4a6d8b03f5ad77e1eca9861e/-/horizon-files-prod/ed/picture/q0g2n5km/cac23acc07cdfdab72b9f520674a869800fd81df.jpg
,Neuf,"Hann maristes,
                                                                                Dakar",,https://i.roamcdn.net/hz/ed/listing-thumb-224w/02826a3c6cb271576e4b2aeb07a04542/-/horizon-files-prod/ed/picture/qpd6mqkx/49527b6af3a99a502d18d211e369ae9bafe232b6.jpg
,Neuf,"Médina,
                                                                                Dakar",45 000 F Cfa,https://i.roamcdn.net/hz/ed/listing-thumb-224w/d283cb47ab00a2a62c0ebaf8812f996e/-/horizon-files-prod/ed/picture/q6xk0nd7/f127a7a73c2cc9a16b0a0095ac70b0d4ca1f8d2e.jpg
,Neuf,"Castor,
                                                                                Dakar",19 500 F Cfa,https://i.roamcdn.net/hz/ed/listing-thumb-224w/412a0b4894e29601cf3d4083c403982e/-/horizon-files-prod/ed/picture/q9m9jqqw/4d36ed52dc756ef65816b11598e489f8fd74ab9a.jpg
,Neuf,"Castor,
                                                                                Dakar",1 F Cfa,https://i.roamcdn.net/hz/ed/listing-thumb-224w/35a6d04e20d694ce21dc64d833015f61/-/horizon-files-prod/ed/picture/q9m95dx5/00559d67dd15d97b018b3eba419d2393568d6ae0.jpg
,Neuf,"Guediawaye,
                                                                                Dakar",15 000 F Cfa,https://i.roamcdn.net/hz/ed/listing-thumb-224w/c976853cce18cce00743b485217778b6/-/horizon-files-prod/ed/picture/qzvdmqj6/735a6d63a855876a1195d9fed8fb76fb2940aa66.jpg
,Neuf,"Castor,
                                                                                Dakar",142 500 F Cfa,https://i.roamcdn.net/hz/ed/listing-thumb-224w/dc396313b1334c901dbabd7e992a0636/-/horizon-files-prod/ed/picture/qwe27k5d/11314103a9d32ba8bf1154b6aeb2f89c7d600b63.jpg
,Neuf,"Plateau,
                                                                                Dakar",38 000 F Cfa,https://i.roamcdn.net/hz/ed/listing-thumb-224w/173c94a7bcd200d339f51326f560a8d9/-/horizon-files-prod/ed/picture/q785z5g8/238174af039fbaa7b5bf7552df8f07538bdc4752.jpg
,Neuf,"Sicap Liberté,
                                                                                Dakar",20 000 F Cfa,https://i.roamcdn.net/hz/ed/listing-thumb-224w/eade0d19d295f6d2a0a8034cb3914b7c/-/horizon-files-prod/ed/picture/q6xkj584/698a6bc8ee399dc9068ada65ed8198f5dfb5c017.jpg
,Neuf,"Sicap Liberté,
                                                                                Dakar",20 000 F Cfa,https://i.roamcdn.net/hz/ed/listing-thumb-224w/e6bc07faaf1bf45e66f8ff4a7a873243/-/horizon-files-prod/ed/picture/q7856g7n/468770911ed0a1b14e81042b4f37a0455a4c6336.jpg
,Neuf,"Grand-Dakar,
                                                                                Dakar",35 000 F Cfa,https://i.roamcdn.net/hz/ed/listing-thumb-224w/5f26d133f7afa44cdd37198ed63080b5/-/horizon-files-prod/ed/picture/qngx8dgw/15b73f34c5c6b8f2495839f497060caf9945dbea.png
,Neuf,"Patte d‘oie,
                                                                                Dakar",35 000 F Cfa,https://i.roamcdn.net/hz/ed/listing-thumb-224w/81db412b7398c40f6595f92cbf9176ca/-/horizon-files-prod/ed/picture/qv4e0d28/d1a71acf846b81c70a4088b0e1f5ab7f43f3f94e.jpg
,Neuf,"Dakar,
                                                                                Dakar",12 000 F Cfa,https://i.roamcdn.net/hz/ed/listing-thumb-224w/f330a6d478965fcc6da4f1349026ccee/-/horizon-files-prod/ed/picture/qzvd5kex/c3bb529bb54f57c0c86fce08c131b1dd2977945e.jpg
,Neuf,"Hann maristes,
                                                                                Dakar",40 000 F Cfa,https://i.roamcdn.net/hz/ed/listing-thumb-224w/f12b2ec4a9f991f30f9ed61e9f7edc53/-/horizon-files-prod/ed/picture/qen5z5vz/ae78e42be42a9cd5fc4ef2373a2ff11dde06ba20.jpg
,Neuf,"Ngaparou,
                                                                                Thiès",49 999 F Cfa,https://i.roamcdn.net/hz/ed/listing-thumb-224w/321222622001aa97a996e65656cde0f1/-/horizon-files-prod/ed/picture/qq47vzd7/b510134e8ee001d7dcc8b974fe67806d703363f1.jpg
,D'occasion,"Ngaparou,
                                                                                Thiès",69 999 F Cfa,https://i.roamcdn.net/hz/ed/listing-thumb-224w/8949c7ae0e3a64c13cfd76043580bd7f/-/horizon-files-prod/ed/picture/q9m9dk80/2f5d0f8a87af3e114287cba9d7224a0d7e8888f4.jpg
,Neuf,"Castor,
                                                                                Dakar",1 F Cfa,https://i.roamcdn.net/hz/ed/listing-thumb-224w/56eeed05b824c19324b4da171e8d26a6/-/horizon-files-prod/ed/picture/qpd6nm9r/38702dd601fc445ee932797ec7989224294b2d23.jpg
,Neuf,"Ouakam,
                                                                                Dakar",12 000 F Cfa,https://i.roamcdn.net/hz/ed/listing-thumb-224w/9161da43f9b893d55e8a47f518f26c69/-/horizon-files-prod/ed/picture/qj4r27w5/e29bf1cb5c942cc602c128cb108dbe542bb4181f.png
,Neuf,"Hann maristes,
                                                                                Dakar",50 000 F Cfa,https://i.roamcdn.net/hz/ed/listing-thumb-224w/5691b6d4927e78976e31f2958fd3840a/-/horizon-files-prod/ed/picture/q0gwnx8x/e24d2ec7fc8ef5fb55e3bc3a0aab952fde1ccd5a.jpg
,Neuf,"Hann maristes,
                                                                                Dakar",145 000 F Cfa,https://i.roamcdn.net/hz/ed/listing-thumb-224w/5443a27797e70b64ece5b65e9cc4411b/-/horizon-files-prod/ed/picture/qngxwnjz/95651b3c2a65a2d3c63a12a41d5b9bd3726942bb.jpg
,Neuf,"Hann maristes,
                                                                                Dakar",35 000 F Cfa,https://i.roamcdn.net/hz/ed/listing-thumb-224w/0778594d9b834c4348ac3410e7d436a4/-/horizon-files-prod/ed/picture/qdewk0g8/a0d5050a513d1152dc2b7be5f77621a3bac55ae2.jpg
,Neuf,"Hann maristes,
                                                                                Dakar",,https://i.roamcdn.net/hz/ed/listing-thumb-224w/babbed0ccd155ada62d6ea1f3cc917b9/-/horizon-files-prod/ed/picture/q0gw70m8/0a8ae3f0c4895fbdaed90fa33556b9dc4c53a129.jpg
,Neuf,"Hann maristes,
                                                                                Dakar",80 000 F Cfa,https://i.roamcdn.net/hz/ed/listing-thumb-224w/3ec84b02fbbdd50e8cfa568efa3c16cc/-/horizon-files-prod/ed/picture/qwee4nrm/394eb326de9289420ea38aefa879994d49049a99.jpg
,Neuf,"Hann maristes,
                                                                                Dakar",25 000 F Cfa,https://i.roamcdn.net/hz/ed/listing-thumb-224w/f8276eede0b95d3af08e5f8ee8a2a6a2/-/horizon-files-prod/ed/picture/qq44mzj6/aea5d56c330b97ec29cf1c9e6337983e7bab0dca.jpg
,Neuf,"Hann maristes,
                                                                                Dakar",95 000 F Cfa,https://i.roamcdn.net/hz/ed/listing-thumb-224w/e6681899fafc5650a9a43408930936e8/-/horizon-files-prod/ed/picture/qennje62/ab26fb564b97d61721e56c172d92e9065d8f2e68.jpg
,Neuf,"Hann maristes,
                                                                                Dakar",28 000 F Cfa,https://i.roamcdn.net/hz/ed/listing-thumb-224w/b0f8886dc5a0a2712902af0325148a28/-/horizon-files-prod/ed/picture/q2jj2zk6/7b00ba2782290a7ae3600665ce426b59d1640075.jpg
,Neuf,"Hann maristes,
                                                                                Dakar",,https://i.roamcdn.net/hz/ed/listing-thumb-224w/97e55fa70af3329e8e3fb1a9a714ed4f/-/horizon-files-prod/ed/picture/q4442jrp/43181e5694d3feeb3da2be2c27e73717dad4257c.jpg
,Neuf,"Hann maristes,
                                                                                Dakar",35 000 F Cfa,https://i.roamcdn.net/hz/ed/listing-thumb-224w/ffb04d9eaef230bafba0ac124fd4f643/-/horizon-files-prod/ed/picture/qj4j5zqd/e3017e7f0c463cbe08a713d9a53b25df8c0e28a1.jpg
,Neuf,"Hann maristes,
                                                                                Dakar",,https://i.roamcdn.net/hz/ed/listing-thumb-224w/f33b7956b55d7ce4c51f22b7d65d7a47/-/horizon-files-prod/ed/picture/q7876rkx/8f408a0b0d18916ac53fcd4a092b186bbeb288fb.jpg
,Neuf,"Grand-Dakar,
                                                                                Dakar",7 500 F Cfa,https://i.roamcdn.net/hz/ed/listing-thumb-224w/de417d962641ed6f9ce11fd32d89f85e/-/horizon-files-prod/ed/picture/q2jjdnw6/7c075452a1bac790670fd59d8f65b92de4458b0a.jpg
,Neuf,"Castor,
                                                                                Dakar",39 000 F Cfa,https://i.roamcdn.net/hz/ed/listing-thumb-224w/fef84a77e52c24a2927394c2bde54d86/-/horizon-files-prod/ed/picture/qv4e4jpx/b2d415de53558826066dd39918c6992e5845efbe.jpg
,Neuf,"Castor,
                                                                                Dakar",8 500 F Cfa,https://i.roamcdn.net/hz/ed/listing-thumb-224w/697afb4453a1aac60b45a93c4aaa7ac7/-/horizon-files-prod/ed/picture/qxj26ejw/d323729f28d961422bd8aa88cee1a3cd9b763881.jpg
,Neuf,"Castor,
                                                                                Dakar",235 000 F Cfa,https://i.roamcdn.net/hz/ed/listing-thumb-224w/e572c7ddf512d45ff9fe4f41ef045c4c/-/horizon-files-prod/ed/picture/qwe2ppvp/f45e49d79f7921442a23acf9e7c4781b6bafd0dd.jpg
,Neuf,"Grand-Dakar,
                                                                                Dakar",60 000 F Cfa,https://i.roamcdn.net/hz/ed/listing-thumb-224w/be4689c67324fb6e438922cf3b628a85/-/horizon-files-prod/ed/picture/qdeej028/04826ca78a32c4a30f92aa6eb545609897dde919.png
,Neuf,"Hann maristes,
                                                                                Dakar",35 000 F Cfa,https://i.roamcdn.net/hz/ed/listing-thumb-224w/b52626a849c1f1e80cbddf37ed6d9a46/-/horizon-files-prod/ed/picture/q2jr0kne/06383f7faebb32e20d65e26d74e3adffd037beca.jpg
,Neuf,"Hann maristes,
                                                                                Dakar",40 000 F Cfa,https://i.roamcdn.net/hz/ed/listing-thumb-224w/4d7c5a2bb8cb1871b34755129b333155/-/horizon-files-prod/ed/picture/qpddqvv2/c78a4016f97d5800b86c4f53f2876d51b32b7852.jpg
,Neuf,"Liberte 6,
                                                                                Dakar",25 000 F Cfa,https://i.roamcdn.net/hz/ed/listing-thumb-224w/d3848b8e355e18b7d78cb3971f497c22/-/horizon-files-prod/ed/picture/qzvdpgnq/9610eba8bac11d9d4297fc781d35800fbb2f957e.jpg
,Neuf,"Hann Bel-Air,
                                                                                Dakar",45 000 F Cfa,https://i.roamcdn.net/hz/ed/listing-thumb-224w/7cae9186c174f15bb889cf83dd53250d/-/horizon-files-prod/ed/picture/q6xkkwjz/80409286eee1f7253721759bde351f7a0b562a17.jpg
,Neuf,"Grand-Dakar,
                                                                                Dakar",19 000 F Cfa,https://i.roamcdn.net/hz/ed/listing-thumb-224w/3c8fbf994f8707a8a00dfe37b10ffb40/-/horizon-files-prod/ed/picture/qpdpkjxj/635a1e447b63bfa24f18a5d906a925b8db180458.png
,Neuf,"Hann maristes,
                                                                                Dakar",25 000 F Cfa,https://i.roamcdn.net/hz/ed/listing-thumb-224w/9345ae1e2dcfb7b1c381982947ee5464/-/horizon-files-prod/ed/picture/q44d20n9/b9c44881b3cac9e92e894190fd211bd7734a4a5e.jpg
,Neuf,"Ouakam,
                                                                                Dakar",12 000 F Cfa,https://i.roamcdn.net/hz/ed/listing-thumb-224w/bf3a1cb7b4829b31b5879043258d46e8/-/horizon-files-prod/ed/picture/q8v50wr7/2a132d53304b5489cafeeb9465a132833d51402c.jpg
,Neuf,"Grand-Dakar,
                                                                                Dakar",50 000 F Cfa,https://i.roamcdn.net/hz/ed/listing-thumb-224w/ad90b49d4ecb9215500f90c1295d72bb/-/horizon-files-prod/ed/picture/qjv0n5r/e4a2da62631e76a0050d6f551d03f8cc168db03b.png
,Neuf,"Ouakam,
                                                                                Dakar",15 000 F Cfa,https://i.roamcdn.net/hz/ed/listing-thumb-224w/6597839931cf90a8eb06359ec7cb29c7/-/horizon-files-prod/ed/picture/qm5r8dkm/0c2c31280fc799a7a1f0b4f47a1eaf2a9ef3c504.jpg
,Neuf,"Sicap Liberté,
                                                                                Dakar",25 000 F Cfa,https://i.roamcdn.net/hz/ed/listing-thumb-224w/4ddc38472874b6d3a80d5a5e5ef9c8b5/-/horizon-files-prod/ed/picture/qngdez9z/66c079258c9f1a6662f7c8ce12e23fd48fb3fd63.jpg
,Neuf,"Sicap Liberté,
                                                                                Dakar",9 000 F Cfa,https://i.roamcdn.net/hz/ed/listing-thumb-224w/47b9f6cc45864c83fb1187ec9fd12550/-/horizon-files-prod/ed/picture/qv4p62pg/5127d552a80b588358a8745d9be6fd235ec5baf6.jpg
,Neuf,"Grand-Dakar,
                                                                                Dakar",60 000 F Cfa,https://i.roamcdn.net/hz/ed/listing-thumb-224w/d0019973034744df51913bc5c2538643/-/horizon-files-prod/ed/picture/qendmvp4/47e36a6fbcc6f2098cb3ddc59a64f86b0f25f0f4.png
,Neuf,"Hann maristes,
                                                                                Dakar",20 000 F Cfa,https://i.roamcdn.net/hz/ed/listing-thumb-224w/d4e84a5789b3c68829c5de28f4695819/-/horizon-files-prod/ed/picture/q9m8z2q7/02216bcc87a8cb1dd7dadab371c0c7e45e9c64d0.jpg
,Neuf,"Guediawaye,
                                                                                Dakar",3 000 F Cfa,https://i.roamcdn.net/hz/ed/listing-thumb-224w/96df06219bbbe34ea6472ea7a5610417/-/horizon-files-prod/ed/picture/qq4dxg5j/a9a6adb75a844bd7a1826d14ee0cc461c15c2b09.jpg
,Neuf,"Sicap Liberté,
                                                                                Dakar",15 000 F Cfa,https://i.roamcdn.net/hz/ed/listing-thumb-224w/907a5b7a27b312b3eaac51a5414bb662/-/horizon-files-prod/ed/picture/qj4jz97v/35006b476a5fe93a1a713d95ae0cfb3a8acd1690.jpg
,Neuf,"Sicap Liberté,
                                                                                Dakar",20 000 F Cfa,https://i.roamcdn.net/hz/ed/listing-thumb-224w/520f045e9f66c95c7a515abd17102098/-/horizon-files-prod/ed/picture/q9m8kj95/0c845a1b098dc52609de492b18ee34955e36c991.jpg
,D'occasion,"Colobane,
                                                                                Dakar",1 F Cfa,https://i.roamcdn.net/hz/ed/listing-thumb-224w/a1c57570499bc11a7637303a0c09ea70/-/horizon-files-prod/ed/picture/q0g2pm6d/ee708fcce62a6cf9738ffc376d06570d90a595cc.jpg
,Neuf,"Hann maristes,
                                                                                Dakar",30 000 F Cfa,https://i.roamcdn.net/hz/ed/listing-thumb-224w/4b526eaeef3c4e819089ef87d04af5a0/-/horizon-files-prod/ed/picture/qenn4prz/b72aaf6fc3a1704f18d59631a4d6432ce5b9029f.jpg
,Neuf,"Hann maristes,
                                                                                Dakar",20 000 F Cfa,https://i.roamcdn.net/hz/ed/listing-thumb-224w/be7275e58c555b638d207738302ea105/-/horizon-files-prod/ed/picture/qrzz9v7j/78e2768515aae79eb00b8e4a1bc160bad475bb38.jpg
,Neuf,"Grand-Dakar,
                                                                                Dakar",25 000 F Cfa,https://i.roamcdn.net/hz/ed/listing-thumb-224w/053e592d89a276d3509ecbc47682bd9b/-/horizon-files-prod/ed/picture/qv5d22v/28826204bd1d65e03d64a8e57ae2117ba8f43ef4.png
,Neuf,"Liberte 6,
                                                                                Dakar",20 000 F Cfa,https://i.roamcdn.net/hz/ed/listing-thumb-224w/1956ad1dc3cabb79d60d803cbe8b820a/-/horizon-files-prod/ed/picture/qnggnx8x/056e83b79ce28deca35d75200e552e728b88304f.jpg
,Neuf,"Patte d‘oie,
                                                                                Dakar",40 000 F Cfa,https://i.roamcdn.net/hz/ed/listing-thumb-224w/0d05696c15d2108d6d420e77b807432b/-/horizon-files-prod/ed/picture/qrzzm9m9/ba61ba551140387731adbfc21ec243aabde27f1e.jpg
,Neuf,"Liberte 6,
                                                                                Dakar",20 000 F Cfa,https://i.roamcdn.net/hz/ed/listing-thumb-224w/6c9ccf618a49f39146225e3ff7912633/-/horizon-files-prod/ed/picture/qpddq6rr/4d1c1cc279a874ab1be569b77c1544145733d0f7.jpg
,Neuf,"Liberte 6,
                                                                                Dakar",45 000 F Cfa,https://i.roamcdn.net/hz/ed/listing-thumb-224w/b491ad5bf072e0bec65ca44df4ed3752/-/horizon-files-prod/ed/picture/q444m5ve/4291db300ddf72bde04a3217e4544fe2e9829da3.jpg
,Neuf,"Patte d‘oie,
                                                                                Dakar",10 000 F Cfa,https://i.roamcdn.net/hz/ed/listing-thumb-224w/f90734c4b6b105924f23fc98bb883d16/-/horizon-files-prod/ed/picture/qweenxr5/d4bf64c04ad5f63648c9a84d908f24a8c2897e10.jpg
,Neuf,"Grand-Dakar,
                                                                                Dakar",10 000 F Cfa,https://i.roamcdn.net/hz/ed/listing-thumb-224w/ac0e6ef1d6c142bb1f76b47588bae64a/-/horizon-files-prod/ed/picture/qdzrznr/9a02b67ad2fed90d60c098e64721a0af601ca8c6.jpg
,Neuf,"Liberte 6,
                                                                                Dakar",15 000 F Cfa,https://i.roamcdn.net/hz/ed/listing-thumb-224w/8f5a836d31ef0843dd7c7d679d33e631/-/horizon-files-prod/ed/picture/qq4q028v/5e1ca271c140bdb20ee8a789722589d3a4dff6d2.jpg
,Neuf,"Liberte 6,
                                                                                Dakar",25 000 F Cfa,https://i.roamcdn.net/hz/ed/listing-thumb-224w/d828f7404c0b280d135ea8757b5eed52/-/horizon-files-prod/ed/picture/qder8rjw/543132ad43b640a51d82b87b26f73fd7529d7e0e.jpg
,Neuf,"Grand-Dakar,
                                                                                Dakar",50 000 F Cfa,https://i.roamcdn.net/hz/ed/listing-thumb-224w/b8d6511f593527d4347d239200f302df/-/horizon-files-prod/ed/picture/qd59v22/b7f581fd80760f649c1a2f609504b78082157994.png
,Neuf,"Patte d‘oie,
                                                                                Dakar",5 000 F Cfa,https://i.roamcdn.net/hz/ed/listing-thumb-224w/d862b919758677e3f2e87f699f6fb5e7/-/horizon-files-prod/ed/picture/qqpe446/7043a3a9368a80bb259ea2dc770327203274adaf.jpg
,Neuf,"Patte d‘oie,
                                                                                Dakar",500 F Cfa,https://i.roamcdn.net/hz/ed/listing-thumb-224w/3e11bb27e9c288989b211c48c3d33f8b/-/horizon-files-prod/ed/picture/q4wv9mr/db5f3a076ae92e7c8da3331725ab0965e77c0e60.jpg
,Neuf,"Liberte 6,
                                                                                Dakar",20 000 F Cfa,https://i.roamcdn.net/hz/ed/listing-thumb-224w/8dfa9959c83e7d1cfdf54e60b7f3c5ef/-/horizon-files-prod/ed/picture/q9pqkv7/fc18cbf11f53d1e0d66b38ef978e82bebe227c28.jpg
,Neuf,"Liberte 6,
                                                                                Dakar",25 000 F Cfa,https://i.roamcdn.net/hz/ed/listing-thumb-224w/87dd3af9724914cbb5999a8f5301cfd5/-/horizon-files-prod/ed/picture/qnrmzxv/04943fb28cfb9973dd77302f0f1e884b0b4b4cd3.jpg
,Neuf,"Liberte 6,
                                                                                Dakar",20 000 F Cfa,https://i.roamcdn.net/hz/ed/listing-thumb-224w/89c1cc4f0a833f44cb130a632d550229/-/horizon-files-prod/ed/picture/q7nem5m/fbd523bef8fb54f86bf4dc826a276eaa15d8faee.jpg
,Neuf,"Patte d‘oie,
                                                                                Dakar",10 000 F Cfa,https://i.roamcdn.net/hz/ed/listing-thumb-224w/8c3d03f8bd1d937a7c720ad04a7e34ae/-/horizon-files-prod/ed/picture/qjvg4zr/88b64e0a770e915c4703ce9cdc2104c381323be1.jpg
,Neuf,"Plateau,
                                                                                Dakar",1 F Cfa,https://i.roamcdn.net/hz/ed/listing-thumb-224w/3b2e98b9afead8d5ad60bfc301af0949/-/horizon-files-prod/ed/picture/qk9ve4z/3ef8ba0ff61b8b8f6b50d5fa37fb4ab954ed9ac0.jpg
,Neuf,"Liberte 6,
                                                                                Dakar",20 000 F Cfa,https://i.roamcdn.net/hz/ed/listing-thumb-224w/af73a333dba8dfebe161eac565cc5c91/-/horizon-files-prod/ed/picture/q2p85wd/25e7c99c09795e60d63825c37daa59a03b3855a3.jpg
,Neuf,"Liberte 6,
                                                                                Dakar",25 000 F Cfa,https://i.roamcdn.net/hz/ed/listing-thumb-224w/20127d21a83403ba3ad7b4bb0d151650/-/horizon-files-prod/ed/picture/qwqnjkm/ff82b022eb31bc0790462487e6319e30126549b6.jpg
,Neuf,"Grand-Dakar,
                                                                                Dakar",7 000 F Cfa,https://i.roamcdn.net/hz/ed/listing-thumb-224w/fb55a27a16e12bfb6bec90ae0df0b83e/-/horizon-files-prod/ed/picture/qnqd980/8e355d413f858043d798b2c1f09cdebecff74d8e.jpg
,Neuf,"Liberte 6,
                                                                                Dakar",6 500 F Cfa,https://i.roamcdn.net/hz/ed/listing-thumb-224w/234cd947ffbca96870c479606971e63b/-/horizon-files-prod/ed/picture/q945mr8/76c8d33dd6f842281ca4efcc86516bddf10c225b.jpg
,Neuf,"Liberte 6,
                                                                                Dakar",25 000 F Cfa,https://i.roamcdn.net/hz/ed/listing-thumb-224w/76e83f64e3c21a73da6b3ef0d245d104/-/horizon-files-prod/ed/picture/qwd7rxd/4cb817a20255bd3c9ac38654ea0bbaafaad6642c.jpg
,D'occasion,"Colobane,
                                                                                Dakar",200 000 F Cfa,https://i.roamcdn.net/hz/ed/listing-thumb-224w/ad597a30e779df4d18511dfbd5c4b3e8/-/horizon-files-prod/ed/picture/qe6w8w2/185cb2ea0c86cff246595ec1ac975d1370211f8b.jpg
,Neuf,"Hann Bel-Air,
                                                                                Dakar",15 000 F Cfa,https://i.roamcdn.net/hz/ed/listing-thumb-224w/686786e2f8170e0f6438169f57507206/-/horizon-files-prod/ed/picture/qdpdekw/17c249ca8bcc07ce724a19d5b8293ecccf348187.jpg
,Neuf,"Colobane,
                                                                                Dakar",75 000 F Cfa,https://i.roamcdn.net/hz/ed/listing-thumb-224w/164a663122866cbbf4539ed6b68e6d04/-/horizon-files-prod/ed/picture/q2vg20g/1581a2946828d4aef3f60ec7c59e4c9c6972df4b.jpg
,Neuf,"Plateau,
                                                                                Dakar",35 000 F Cfa,https://i.roamcdn.net/hz/ed/listing-thumb-224w/f8cf3a04bf6a49b7983e9011ce29a952/-/horizon-files-prod/ed/picture/qkkxwvv/67f4646ddb5a973c3c0619d035a46ea661bcacf3.jpg
,Neuf,"Hann Bel-Air,
                                                                                Dakar",45 000 F Cfa,https://i.roamcdn.net/hz/ed/listing-thumb-224w/2b7a0866a9239ca6720ac918a30e56f7/-/horizon-files-prod/ed/picture/q496j9e/76139ac1f898f1e00a5baf4a21fd10e52514d04d.jpg
,Neuf,"Hann Bel-Air,
                                                                                Dakar",35 000 F Cfa,https://i.roamcdn.net/hz/ed/listing-thumb-224w/f6fe55b258f9856d3b4bd7000a55480f/-/horizon-files-prod/ed/picture/q68jrdj/46ffe3ae2324a86033bac598addd3c9398af2502.jpg
,Neuf,"Hann Bel-Air,
                                                                                Dakar",45 000 F Cfa,https://i.roamcdn.net/hz/ed/listing-thumb-224w/79a4a85facbd295ceab12604e04fcd44/-/horizon-files-prod/ed/picture/qezkpvz/afdd4e60772471e3ccf59eca9825fd7ba9663aa8.jpg
,Neuf,"Hann Bel-Air,
                                                                                Dakar",35 000 F Cfa,https://i.roamcdn.net/hz/ed/listing-thumb-224w/0a85b3186dbe03ffdb1e87de39c65d7d/-/horizon-files-prod/ed/picture/qjdw60z/739668f445626a23ae17c52e04b5f0d252280a20.jpg
,Neuf,"Hann Bel-Air,
                                                                                Dakar",35 000 F Cfa,https://i.roamcdn.net/hz/ed/listing-thumb-224w/112c41e78972761989a072876c27d763/-/horizon-files-prod/ed/picture/qv09zej/35763ff8a4989a38535cf12315a733a95e38b9cd.jpg
,Neuf,"Hann Bel-Air,
                                                                                Dakar",45 000 F Cfa,https://i.roamcdn.net/hz/ed/listing-thumb-224w/cf1ba7b5100def361991e6f5a86b9056/-/horizon-files-prod/ed/picture/qv5k0qm/a44e531f3073d1a83b8b780aa210980e450e3b3d.jpg
,Neuf,"Hann Bel-Air,
                                                                                Dakar",35 000 F Cfa,https://i.roamcdn.net/hz/ed/listing-thumb-224w/bd0747748f3bc6bae71770e0c0108473/-/horizon-files-prod/ed/picture/q7r0dmm/b8a5c48f1f236b6dd013d1e6d9b4e1663118f3c2.jpg
