details,etat,adresse,prix,image-src
Détails,Neuf,Plateau Dakar,35 000 F Cfa,https://i.roamcdn.net/hz/ed/listing-thumb-543w/a60e1569b8e072f038f9e17d6783a67e/-/horizon-files-prod/ed/picture/qkkxwvv/67f4646ddb5a973c3c0619d035a46ea661bcacf3.jpg
Détails,Neuf,Colobane Dakar,75 000 F Cfa,https://i.roamcdn.net/hz/ed/listing-thumb-543w/66ca918407cabf3def90fb5629b2056d/-/horizon-files-prod/ed/picture/q2vg20g/1581a2946828d4aef3f60ec7c59e4c9c6972df4b.jpg
Détails,Neuf,Hann Bel-Air Dakar,15 000 F Cfa,https://i.roamcdn.net/hz/ed/listing-thumb-543w/b2006edd28746398c94096c13ee80209/-/horizon-files-prod/ed/picture/qdpdekw/17c249ca8bcc07ce724a19d5b8293ecccf348187.jpg
Détails,D'occasion,Colobane Dakar,200 000 F Cfa,https://i.roamcdn.net/hz/ed/listing-thumb-543w/dbac50b4db54bb07067baa7ff8776f96/-/horizon-files-prod/ed/picture/qe6w8w2/185cb2ea0c86cff246595ec1ac975d1370211f8b.jpg
Détails,Neuf,Liberte 6 Dakar,25 000 F Cfa,https://i.roamcdn.net/hz/ed/listing-thumb-543w/ac5ac6c1ff058bc8fdc3ca1900e41f9c/-/horizon-files-prod/ed/picture/qwd7rxd/4cb817a20255bd3c9ac38654ea0bbaafaad6642c.jpg
Détails,Neuf,Liberte 6 Dakar,6 500 F Cfa,https://i.roamcdn.net/hz/ed/listing-thumb-543w/95fe110f081430d9d8b2acbdaaa4f076/-/horizon-files-prod/ed/picture/q945mr8/76c8d33dd6f842281ca4efcc86516bddf10c225b.jpg
Détails,Neuf,Grand-Dakar Dakar,7 000 F Cfa,https://i.roamcdn.net/hz/ed/listing-thumb-543w/630ca8aed819bc74b052ab96fa5dd457/-/horizon-files-prod/ed/picture/qnqd980/8e355d413f858043d798b2c1f09cdebecff74d8e.jpg
Détails,Neuf,Liberte 6 Dakar,25 000 F Cfa,https://i.roamcdn.net/hz/ed/listing-thumb-543w/82144e24aded22cc1f9930211b8d4862/-/horizon-files-prod/ed/picture/qwqnjkm/ff82b022eb31bc0790462487e6319e30126549b6.jpg
Détails,Neuf,Liberte 6 Dakar,20 000 F Cfa,https://i.roamcdn.net/hz/ed/listing-thumb-543w/a16d229ce8959dcad45c82ed246202ef/-/horizon-files-prod/ed/picture/q2p85wd/25e7c99c09795e60d63825c37daa59a03b3855a3.jpg
Détails,Neuf,Plateau Dakar,1 F Cfa,https://i.roamcdn.net/hz/ed/listing-thumb-543w/fd331a330e2e930dd634760bfacdab3e/-/horizon-files-prod/ed/picture/qk9ve4z/3ef8ba0ff61b8b8f6b50d5fa37fb4ab954ed9ac0.jpg
Détails,Neuf,Patte d‘oie Dakar,10 000 F Cfa,https://i.roamcdn.net/hz/ed/listing-thumb-543w/aa5f64a6bd3cf7606c1fb705e97f9aa8/-/horizon-files-prod/ed/picture/qjvg4zr/88b64e0a770e915c4703ce9cdc2104c381323be1.jpg
Détails,Neuf,Liberte 6 Dakar,20 000 F Cfa,https://i.roamcdn.net/hz/ed/listing-thumb-543w/9f23680a914538a52bcc74fe892fe96e/-/horizon-files-prod/ed/picture/q7nem5m/fbd523bef8fb54f86bf4dc826a276eaa15d8faee.jpg
Détails,Neuf,Liberte 6 Dakar,25 000 F Cfa,https://i.roamcdn.net/hz/ed/listing-thumb-543w/2c7f8b1f9408a0c81cf54ab295da3ae9/-/horizon-files-prod/ed/picture/qnrmzxv/04943fb28cfb9973dd77302f0f1e884b0b4b4cd3.jpg
Détails,Neuf,Liberte 6 Dakar,20 000 F Cfa,https://i.roamcdn.net/hz/ed/listing-thumb-543w/60a2f180c0468049060335eef4f45086/-/horizon-files-prod/ed/picture/q9pqkv7/fc18cbf11f53d1e0d66b38ef978e82bebe227c28.jpg
Détails,Neuf,Patte d‘oie Dakar,500 F Cfa,https://i.roamcdn.net/hz/ed/listing-thumb-543w/a6f591948fabb2a191e5e7284c832d98/-/horizon-files-prod/ed/picture/q4wv9mr/db5f3a076ae92e7c8da3331725ab0965e77c0e60.jpg
Détails,Neuf,Patte d‘oie Dakar,5 000 F Cfa,https://i.roamcdn.net/hz/ed/listing-thumb-543w/81ab29605cdf12b38c97c86ccfd94fc6/-/horizon-files-prod/ed/picture/qqpe446/7043a3a9368a80bb259ea2dc770327203274adaf.jpg
Détails,Neuf,Grand-Dakar Dakar,50 000 F Cfa,https://i.roamcdn.net/hz/ed/listing-thumb-543w/9acc5ee3d66deb127f933cfa93788b78/-/horizon-files-prod/ed/picture/qd59v22/b7f581fd80760f649c1a2f609504b78082157994.png
Détails,Neuf,Liberte 6 Dakar,25 000 F Cfa,https://i.roamcdn.net/hz/ed/listing-thumb-543w/de385b14a02600cd9ace197e385f6422/-/horizon-files-prod/ed/picture/qder8rjw/543132ad43b640a51d82b87b26f73fd7529d7e0e.jpg
Détails,Neuf,Liberte 6 Dakar,15 000 F Cfa,https://i.roamcdn.net/hz/ed/listing-thumb-543w/aed313566fa0378b8887485b5a34236c/-/horizon-files-prod/ed/picture/qq4q028v/5e1ca271c140bdb20ee8a789722589d3a4dff6d2.jpg
Détails,Neuf,Grand-Dakar Dakar,10 000 F Cfa,https://i.roamcdn.net/hz/ed/listing-thumb-543w/e8408cf6e63fca65c2172d6b90646f61/-/horizon-files-prod/ed/picture/qdzrznr/9a02b67ad2fed90d60c098e64721a0af601ca8c6.jpg
Détails,Neuf,Patte d‘oie Dakar,10 000 F Cfa,https://i.roamcdn.net/hz/ed/listing-thumb-543w/1e123936e4619c370bf9d3c9311d4a45/-/horizon-files-prod/ed/picture/qweenxr5/d4bf64c04ad5f63648c9a84d908f24a8c2897e10.jpg
Détails,Neuf,Liberte 6 Dakar,45 000 F Cfa,https://i.roamcdn.net/hz/ed/listing-thumb-543w/c5b38715df3b2e8c6c57e28b8bd27144/-/horizon-files-prod/ed/picture/q444m5ve/4291db300ddf72bde04a3217e4544fe2e9829da3.jpg
Détails,Neuf,Liberte 6 Dakar,20 000 F Cfa,https://i.roamcdn.net/hz/ed/listing-thumb-543w/94dfbbd06a6ff5f84657d54f49f240c7/-/horizon-files-prod/ed/picture/qpddq6rr/4d1c1cc279a874ab1be569b77c1544145733d0f7.jpg
Détails,Neuf,Patte d‘oie Dakar,40 000 F Cfa,https://i.roamcdn.net/hz/ed/listing-thumb-543w/8a09086ce35f2ba77e07c3fa1b4f72a2/-/horizon-files-prod/ed/picture/qrzzm9m9/ba61ba551140387731adbfc21ec243aabde27f1e.jpg
Détails,Neuf,Liberte 6 Dakar,20 000 F Cfa,https://i.roamcdn.net/hz/ed/listing-thumb-543w/274cd057d2f81b50bc8d4414e81d3387/-/horizon-files-prod/ed/picture/qnggnx8x/056e83b79ce28deca35d75200e552e728b88304f.jpg
Détails,Neuf,Grand-Dakar Dakar,25 000 F Cfa,https://i.roamcdn.net/hz/ed/listing-thumb-543w/787e3afd162fadb75338a2625cc56711/-/horizon-files-prod/ed/picture/qv5d22v/28826204bd1d65e03d64a8e57ae2117ba8f43ef4.png
,Neuf,Hann maristes Dakar,20 000 F Cfa,https://i.roamcdn.net/hz/ed/listing-thumb-543w/45b8b326763dfee78326cc519cef9943/-/horizon-files-prod/ed/picture/qrzz9v7j/78e2768515aae79eb00b8e4a1bc160bad475bb38.jpg
,Neuf,Hann maristes Dakar,30 000 F Cfa,https://i.roamcdn.net/hz/ed/listing-thumb-543w/631493f0dfcb4143efb2c16770bbf7a7/-/horizon-files-prod/ed/picture/qenn4prz/b72aaf6fc3a1704f18d59631a4d6432ce5b9029f.jpg
Détails,D'occasion,Colobane Dakar,1 F Cfa,https://i.roamcdn.net/hz/ed/listing-thumb-543w/4f1a92413f2adc66fa4896cd5c5dbc75/-/horizon-files-prod/ed/picture/q0g2pm6d/ee708fcce62a6cf9738ffc376d06570d90a595cc.jpg
Détails,Neuf,Sicap Liberté Dakar,20 000 F Cfa,https://i.roamcdn.net/hz/ed/listing-thumb-543w/c65b287f226f1cb8bd3fb9f535a5a74b/-/horizon-files-prod/ed/picture/q9m8kj95/0c845a1b098dc52609de492b18ee34955e36c991.jpg
Détails,Neuf,Sicap Liberté Dakar,15 000 F Cfa,https://i.roamcdn.net/hz/ed/listing-thumb-543w/c9466cc4ad08b97b86c41373eb4524c8/-/horizon-files-prod/ed/picture/qj4jz97v/35006b476a5fe93a1a713d95ae0cfb3a8acd1690.jpg
Détails,Neuf,Guediawaye Dakar,3 000 F Cfa,https://i.roamcdn.net/hz/ed/listing-thumb-543w/8b03b4364c3b627736e08a3dd16b35ee/-/horizon-files-prod/ed/picture/qq4dxg5j/a9a6adb75a844bd7a1826d14ee0cc461c15c2b09.jpg
,Neuf,Hann maristes Dakar,20 000 F Cfa,https://i.roamcdn.net/hz/ed/listing-thumb-543w/d971e7e517b3e911f540bfe7d79ed305/-/horizon-files-prod/ed/picture/q9m8z2q7/02216bcc87a8cb1dd7dadab371c0c7e45e9c64d0.jpg
Détails,Neuf,Grand-Dakar Dakar,60 000 F Cfa,https://i.roamcdn.net/hz/ed/listing-thumb-543w/d90b40186a8fe34b1afb6203a12dbd78/-/horizon-files-prod/ed/picture/qendmvp4/47e36a6fbcc6f2098cb3ddc59a64f86b0f25f0f4.png
Détails,Neuf,Sicap Liberté Dakar,9 000 F Cfa,https://i.roamcdn.net/hz/ed/listing-thumb-543w/ce737377c574cbc983242d070a588142/-/horizon-files-prod/ed/picture/qv4p62pg/5127d552a80b588358a8745d9be6fd235ec5baf6.jpg
Détails,Neuf,Sicap Liberté Dakar,25 000 F Cfa,https://i.roamcdn.net/hz/ed/listing-thumb-543w/000ae825a5639a9adbb6dae58e8539c8/-/horizon-files-prod/ed/picture/qngdez9z/66c079258c9f1a6662f7c8ce12e23fd48fb3fd63.jpg
Détails,Neuf,Ouakam Dakar,15 000 F Cfa,https://i.roamcdn.net/hz/ed/listing-thumb-543w/496d4ff65db8f305111b9a0d6475f658/-/horizon-files-prod/ed/picture/qm5r8dkm/0c2c31280fc799a7a1f0b4f47a1eaf2a9ef3c504.jpg
Détails,Neuf,Grand-Dakar Dakar,50 000 F Cfa,https://i.roamcdn.net/hz/ed/listing-thumb-543w/2498f71be500e38c3006289e312755b4/-/horizon-files-prod/ed/picture/qjv0n5r/e4a2da62631e76a0050d6f551d03f8cc168db03b.png
Détails,Neuf,Ouakam Dakar,12 000 F Cfa,https://i.roamcdn.net/hz/ed/listing-thumb-543w/39b9ebc08d299774791fce091e44819b/-/horizon-files-prod/ed/picture/q8v50wr7/2a132d53304b5489cafeeb9465a132833d51402c.jpg
,Neuf,Hann maristes Dakar,25 000 F Cfa,https://i.roamcdn.net/hz/ed/listing-thumb-543w/896968154f729228ee6dc87b4294c0f1/-/horizon-files-prod/ed/picture/q44d20n9/b9c44881b3cac9e92e894190fd211bd7734a4a5e.jpg
Détails,Neuf,Grand-Dakar Dakar,19 000 F Cfa,https://i.roamcdn.net/hz/ed/listing-thumb-543w/9b7c4873430582ad034721b96ecbfec4/-/horizon-files-prod/ed/picture/qpdpkjxj/635a1e447b63bfa24f18a5d906a925b8db180458.png
Détails,Neuf,Hann Bel-Air Dakar,45 000 F Cfa,https://i.roamcdn.net/hz/ed/listing-thumb-543w/7c2d86f9f612d7aa2cd9e0a89b1aec68/-/horizon-files-prod/ed/picture/q6xkkwjz/80409286eee1f7253721759bde351f7a0b562a17.jpg
Détails,Neuf,Liberte 6 Dakar,25 000 F Cfa,https://i.roamcdn.net/hz/ed/listing-thumb-543w/ff23d6dfa691271b466193bfdc06790c/-/horizon-files-prod/ed/picture/qzvdpgnq/9610eba8bac11d9d4297fc781d35800fbb2f957e.jpg
Détails,Neuf,Hann maristes Dakar,40 000 F Cfa,https://i.roamcdn.net/hz/ed/listing-thumb-543w/e094e98c2eef4684bdceaff9a29f4c74/-/horizon-files-prod/ed/picture/qpddqvv2/c78a4016f97d5800b86c4f53f2876d51b32b7852.jpg
,Neuf,Hann maristes Dakar,35 000 F Cfa,https://i.roamcdn.net/hz/ed/listing-thumb-543w/17b94579831e364358d7de67c5328eff/-/horizon-files-prod/ed/picture/q2jr0kne/06383f7faebb32e20d65e26d74e3adffd037beca.jpg
Détails,Neuf,Grand-Dakar Dakar,60 000 F Cfa,https://i.roamcdn.net/hz/ed/listing-thumb-543w/605fcf0d20c0eb8e60059a557b10eb5c/-/horizon-files-prod/ed/picture/qdeej028/04826ca78a32c4a30f92aa6eb545609897dde919.png
,Neuf,Castor Dakar,235 000 F Cfa,https://i.roamcdn.net/hz/ed/listing-thumb-543w/9508d12ffc361a2dc9229cd82315d7b5/-/horizon-files-prod/ed/picture/qwe2ppvp/f45e49d79f7921442a23acf9e7c4781b6bafd0dd.jpg
,Neuf,Castor Dakar,8 500 F Cfa,https://i.roamcdn.net/hz/ed/listing-thumb-543w/b591fa27af01b866c4ddb895560364ab/-/horizon-files-prod/ed/picture/qxj26ejw/d323729f28d961422bd8aa88cee1a3cd9b763881.jpg
Détails,Neuf,Castor Dakar,39 000 F Cfa,https://i.roamcdn.net/hz/ed/listing-thumb-543w/ade2b88857f529da5221b0cde45513e2/-/horizon-files-prod/ed/picture/qv4e4jpx/b2d415de53558826066dd39918c6992e5845efbe.jpg
Détails,Neuf,Grand-Dakar Dakar,7 500 F Cfa,https://i.roamcdn.net/hz/ed/listing-thumb-543w/9a9fc93d202e119defb2e476d1924b34/-/horizon-files-prod/ed/picture/q2jjdnw6/7c075452a1bac790670fd59d8f65b92de4458b0a.jpg
,Neuf,Hann maristes Dakar,,https://i.roamcdn.net/hz/ed/listing-thumb-543w/a62cb2a4375f30f88acc40e55810664c/-/horizon-files-prod/ed/picture/q7876rkx/8f408a0b0d18916ac53fcd4a092b186bbeb288fb.jpg
,Neuf,Hann maristes Dakar,35 000 F Cfa,https://i.roamcdn.net/hz/ed/listing-thumb-543w/3446347caf9af3002563c652a6818e7c/-/horizon-files-prod/ed/picture/qj4j5zqd/e3017e7f0c463cbe08a713d9a53b25df8c0e28a1.jpg
,Neuf,Hann maristes Dakar,,https://i.roamcdn.net/hz/ed/listing-thumb-543w/d93de26b4186dd97267e9fc4af422643/-/horizon-files-prod/ed/picture/q4442jrp/43181e5694d3feeb3da2be2c27e73717dad4257c.jpg
Détails,Neuf,Hann maristes Dakar,28 000 F Cfa,https://i.roamcdn.net/hz/ed/listing-thumb-543w/c1556332a95f322263c9416720f55216/-/horizon-files-prod/ed/picture/q2jj2zk6/7b00ba2782290a7ae3600665ce426b59d1640075.jpg
Détails,Neuf,Hann maristes Dakar,95 000 F Cfa,https://i.roamcdn.net/hz/ed/listing-thumb-543w/70b9d48cdcedeedfbe7d039f00f02dce/-/horizon-files-prod/ed/picture/qennje62/ab26fb564b97d61721e56c172d92e9065d8f2e68.jpg
,Neuf,Hann maristes Dakar,25 000 F Cfa,https://i.roamcdn.net/hz/ed/listing-thumb-543w/066924d93694340bfe004c6f38ea39cd/-/horizon-files-prod/ed/picture/qq44mzj6/aea5d56c330b97ec29cf1c9e6337983e7bab0dca.jpg
,Neuf,Hann maristes Dakar,80 000 F Cfa,https://i.roamcdn.net/hz/ed/listing-thumb-543w/d1432f17bfef34fdc1b2089073834401/-/horizon-files-prod/ed/picture/qwee4nrm/394eb326de9289420ea38aefa879994d49049a99.jpg
,Neuf,Hann maristes Dakar,,https://i.roamcdn.net/hz/ed/listing-thumb-543w/8cf89c0f783c19e0c98705e6ef0debc6/-/horizon-files-prod/ed/picture/q0gw70m8/0a8ae3f0c4895fbdaed90fa33556b9dc4c53a129.jpg
,Neuf,Hann maristes Dakar,35 000 F Cfa,https://i.roamcdn.net/hz/ed/listing-thumb-543w/92f131735f3dcc1dd3180f3a23ddac9a/-/horizon-files-prod/ed/picture/qdewk0g8/a0d5050a513d1152dc2b7be5f77621a3bac55ae2.jpg
,Neuf,Hann maristes Dakar,145 000 F Cfa,https://i.roamcdn.net/hz/ed/listing-thumb-543w/c0cf63308de809418ae487daca1475b5/-/horizon-files-prod/ed/picture/qngxwnjz/95651b3c2a65a2d3c63a12a41d5b9bd3726942bb.jpg
,Neuf,Hann maristes Dakar,50 000 F Cfa,https://i.roamcdn.net/hz/ed/listing-thumb-543w/6d9df2933392f25fbdfd6279f55a1773/-/horizon-files-prod/ed/picture/q0gwnx8x/e24d2ec7fc8ef5fb55e3bc3a0aab952fde1ccd5a.jpg
Détails,Neuf,Ouakam Dakar,12 000 F Cfa,https://i.roamcdn.net/hz/ed/listing-thumb-543w/8e9c23f6ca1b9b5a7d83f60160d3db5f/-/horizon-files-prod/ed/picture/qj4r27w5/e29bf1cb5c942cc602c128cb108dbe542bb4181f.png
Détails,Neuf,Castor Dakar,1 F Cfa,https://i.roamcdn.net/hz/ed/listing-thumb-543w/e69f51ec4fe72837a06fa2523914dadc/-/horizon-files-prod/ed/picture/qpd6nm9r/38702dd601fc445ee932797ec7989224294b2d23.jpg
Détails,D'occasion,Ngaparou Thiès,69 999 F Cfa,https://i.roamcdn.net/hz/ed/listing-thumb-543w/e69f817bb8c85b158da92f622d945459/-/horizon-files-prod/ed/picture/q9m9dk80/2f5d0f8a87af3e114287cba9d7224a0d7e8888f4.jpg
Détails,Neuf,Ngaparou Thiès,49 999 F Cfa,https://i.roamcdn.net/hz/ed/listing-thumb-543w/cfc7f484ce305943f203d6a4e2002a82/-/horizon-files-prod/ed/picture/qq47vzd7/b510134e8ee001d7dcc8b974fe67806d703363f1.jpg
,Neuf,Hann maristes Dakar,40 000 F Cfa,https://i.roamcdn.net/hz/ed/listing-thumb-543w/d16f167bd11c8b8cc95964306e47f324/-/horizon-files-prod/ed/picture/qen5z5vz/ae78e42be42a9cd5fc4ef2373a2ff11dde06ba20.jpg
Détails,Neuf,Dakar Dakar,12 000 F Cfa,https://i.roamcdn.net/hz/ed/listing-thumb-543w/7ec4e0b3c937a7785a538521459b4749/-/horizon-files-prod/ed/picture/qzvd5kex/c3bb529bb54f57c0c86fce08c131b1dd2977945e.jpg
Détails,Neuf,Patte d‘oie Dakar,35 000 F Cfa,https://i.roamcdn.net/hz/ed/listing-thumb-543w/b96132e81af066e9d6a81cfc9811f9a7/-/horizon-files-prod/ed/picture/qv4e0d28/d1a71acf846b81c70a4088b0e1f5ab7f43f3f94e.jpg
Détails,Neuf,Grand-Dakar Dakar,35 000 F Cfa,https://i.roamcdn.net/hz/ed/listing-thumb-543w/b5c0d50d8a7fdcdd92f1925259b25353/-/horizon-files-prod/ed/picture/qngx8dgw/15b73f34c5c6b8f2495839f497060caf9945dbea.png
Détails,Neuf,Sicap Liberté Dakar,20 000 F Cfa,https://i.roamcdn.net/hz/ed/listing-thumb-543w/97649497d571c24a56df5385d74a9a6d/-/horizon-files-prod/ed/picture/q7856g7n/468770911ed0a1b14e81042b4f37a0455a4c6336.jpg
Détails,Neuf,Sicap Liberté Dakar,20 000 F Cfa,https://i.roamcdn.net/hz/ed/listing-thumb-543w/512d466a9eedd07f4b46a6a458a8f31f/-/horizon-files-prod/ed/picture/q6xkj584/698a6bc8ee399dc9068ada65ed8198f5dfb5c017.jpg
,Neuf,Plateau Dakar,38 000 F Cfa,https://i.roamcdn.net/hz/ed/listing-thumb-543w/45106fab6e130f3604a01579aba15e1f/-/horizon-files-prod/ed/picture/q785z5g8/238174af039fbaa7b5bf7552df8f07538bdc4752.jpg
Détails,Neuf,Castor Dakar,142 500 F Cfa,https://i.roamcdn.net/hz/ed/listing-thumb-543w/817d12d603e0c370eafd0510162af629/-/horizon-files-prod/ed/picture/qwe27k5d/11314103a9d32ba8bf1154b6aeb2f89c7d600b63.jpg
,Neuf,Guediawaye Dakar,15 000 F Cfa,https://i.roamcdn.net/hz/ed/listing-thumb-543w/ffd6bcf44cf02dd79a783d860ff8c418/-/horizon-files-prod/ed/picture/qzvdmqj6/735a6d63a855876a1195d9fed8fb76fb2940aa66.jpg
Détails,Neuf,Castor Dakar,1 F Cfa,https://i.roamcdn.net/hz/ed/listing-thumb-543w/5a7d8b32e0193a3e5a7c0fa620ca828f/-/horizon-files-prod/ed/picture/q9m95dx5/00559d67dd15d97b018b3eba419d2393568d6ae0.jpg
Détails,Neuf,Castor Dakar,19 500 F Cfa,https://i.roamcdn.net/hz/ed/listing-thumb-543w/0a6642fe256ff7b30c3b725bb363097b/-/horizon-files-prod/ed/picture/q9m9jqqw/4d36ed52dc756ef65816b11598e489f8fd74ab9a.jpg
Détails,Neuf,Médina Dakar,45 000 F Cfa,https://i.roamcdn.net/hz/ed/listing-thumb-543w/b38ef4419098d593080cae0aee8dc6c9/-/horizon-files-prod/ed/picture/q6xk0nd7/f127a7a73c2cc9a16b0a0095ac70b0d4ca1f8d2e.jpg
,Neuf,Hann maristes Dakar,,https://i.roamcdn.net/hz/ed/listing-thumb-543w/9b9c98a7363fdeca0967b91bd00432b0/-/horizon-files-prod/ed/picture/qpd6mqkx/49527b6af3a99a502d18d211e369ae9bafe232b6.jpg
,Neuf,Hann maristes Dakar,25 000 F Cfa,https://i.roamcdn.net/hz/ed/listing-thumb-543w/c6e268ad02bf1ef94b6d700279c4a8cf/-/horizon-files-prod/ed/picture/q0g2n5km/cac23acc07cdfdab72b9f520674a869800fd81df.jpg
,Neuf,Hann maristes Dakar,,https://i.roamcdn.net/hz/ed/listing-thumb-543w/a525d75f4ee0e9d802b7c08dcc9ee38c/-/horizon-files-prod/ed/picture/q448nqe2/72c5c3de1b92b294859bf8c719e2f84931fbb3c8.jpg
,Neuf,Hann maristes Dakar,149 000 F Cfa,https://i.roamcdn.net/hz/ed/listing-thumb-543w/4928c4cf6f950e66b6488850d006500a/-/horizon-files-prod/ed/picture/q2jj4k4g/7a36863f3d545fd721860a89fdd1ba7ab77e946e.jpg
,Neuf,Hann maristes Dakar,,https://i.roamcdn.net/hz/ed/listing-thumb-543w/dcdc4eb313386f099c24302f7ce86cd1/-/horizon-files-prod/ed/picture/qwe2p4k0/4d3bc7a05183c4bc54e9c88608044cb69e3ed292.jpg
,Neuf,Hann maristes Dakar,275 000 F Cfa,https://i.roamcdn.net/hz/ed/listing-thumb-543w/db477d6e367b79b04d1c78d8d2df86e9/-/horizon-files-prod/ed/picture/qj4j72ng/76be0808adadeaab1bb0f9add69e6b982d45bc5c.jpg
Détails,Neuf,Castor Dakar,1 F Cfa,https://i.roamcdn.net/hz/ed/listing-thumb-543w/f51d03ebd9a0d09c63503c42150c079f/-/horizon-files-prod/ed/picture/qm5pekq2/99a14f6e529cfa3b77e8b35620ef1b5211352828.jpg
Détails,Neuf,Plateau Dakar,1 F Cfa,https://i.roamcdn.net/hz/ed/listing-thumb-543w/d805280b65ecf4418df07fc3d7978b1f/-/horizon-files-prod/ed/picture/q0m9qg8/9b9ca0344448abf4df8910e143a411e87fc875e6.jpg
,Neuf,Hann maristes Dakar,145 000 F Cfa,https://i.roamcdn.net/hz/ed/listing-thumb-543w/6c76e186c009dbcb01e25f3e0bcd2515/-/horizon-files-prod/ed/picture/q7882g6x/803e090daa884d18af4bf2b0e42d8030458d19e8.jpg
,Neuf,Hann maristes Dakar,35 000 F Cfa,https://i.roamcdn.net/hz/ed/listing-thumb-543w/408c88fee0316779ca99259cbf1f9569/-/horizon-files-prod/ed/picture/q78789qj/a98783c926c4d60bb289fd6535719932c905eebb.jpg
Détails,Neuf,Grand-Dakar Dakar,50 000 F Cfa,https://i.roamcdn.net/hz/ed/listing-thumb-543w/5c40febc941c0169ee9acfd6c9930777/-/horizon-files-prod/ed/picture/qzv2j2nx/eaf12c3ee0d3d6909c7cb3630c3e650014161d54.png
Détails,Neuf,Grand-Dakar Dakar,10 500 F Cfa,https://i.roamcdn.net/hz/ed/listing-thumb-543w/982df7686119217de0a165a32213f094/-/horizon-files-prod/ed/picture/qrzv8deq/50ce807fb94e48a6674416574ac57f4e572e03b6.jpg
Détails,Neuf,Patte d‘oie Dakar,13 000 F Cfa,https://i.roamcdn.net/hz/ed/listing-thumb-543w/235b43588bd30dec4b354dfb168914db/-/horizon-files-prod/ed/picture/qx95nx4/77cf369eff95fb52fd779f790b79119180451556.jpg
Détails,Neuf,Parcelles Assainies Dakar,25 000 F Cfa,https://i.roamcdn.net/hz/ed/listing-thumb-543w/2dc7071a084e79d138c56976ce18ea4b/-/horizon-files-prod/ed/picture/qxjp6w00/b60f9009ae9d66b7b1ac6d1e52c4ddc0af59b443.jpg
Détails,Venant,Patte d‘oie Dakar,5 000 F Cfa,https://i.roamcdn.net/hz/ed/listing-thumb-543w/0873e38b1570dbc1910ed0ee6064d429/-/horizon-files-prod/ed/picture/qvjxkxm/a72390a01a3104a3433ea421ae820d13e1f39edb.jpg
Détails,Neuf,Guediawaye Dakar,3 000 F Cfa,https://i.roamcdn.net/hz/ed/listing-thumb-543w/cb22d32685c5c9ada57f453187e5e0ba/-/horizon-files-prod/ed/picture/q0g7208z/839a77cc428c5cac950f713987f25c86941f7a1d.jpg
Détails,Neuf,Sicap Liberté Dakar,42 000 F Cfa,https://i.roamcdn.net/hz/ed/listing-thumb-543w/580d8b06c5b3e52d1509523b67e6099e/-/horizon-files-prod/ed/picture/qv4www52/66606bef6f0f9cf9361eaa99a8f34bce40dcfbb5.jpg
,Neuf,Guediawaye Dakar,8 000 F Cfa,https://i.roamcdn.net/hz/ed/listing-thumb-543w/5e2dd174f17f0f8fc69979313cb3cbcf/-/horizon-files-prod/ed/picture/qj4qpe4v/217ff5f7211806686f000034340e26e675ee94cc.jpg
,Neuf,Guediawaye Dakar,5 000 F Cfa,https://i.roamcdn.net/hz/ed/listing-thumb-543w/a7ad2248682443da1b8a9c4e6781cc8f/-/horizon-files-prod/ed/picture/q9mj5q8w/19935b16f028ea8cfa2866447fcd988fa41b845c.jpg
Détails,Neuf,Sicap Liberté Dakar,20 000 F Cfa,https://i.roamcdn.net/hz/ed/listing-thumb-543w/a0a35073f86118f5fa18be2baecbdae1/-/horizon-files-prod/ed/picture/q9mjr9d5/7c4cb26823f96d429e5afcad848d10a5e3d6ad4c.jpg
Détails,Neuf,Grand-Dakar Dakar,35 000 F Cfa,https://i.roamcdn.net/hz/ed/listing-thumb-543w/58c513356b40c92f8ef3a585d6e7b33c/-/horizon-files-prod/ed/picture/qxj2gknq/0be70665dbce4840064546022540ff38f926222e.png
,Neuf,Guediawaye Dakar,3 000 F Cfa,https://i.roamcdn.net/hz/ed/listing-thumb-543w/a02c9a53e7e9d173e6dca36a903039da/-/horizon-files-prod/ed/picture/q6xkwe4g/d2999fc4fb98c30046df72d5b0d66707a9330cda.jpg
Détails,Neuf,Liberte 5 Dakar,35 500 F Cfa,https://i.roamcdn.net/hz/ed/listing-thumb-543w/47ff6c0daf4365cf8c99279e02222438/-/horizon-files-prod/ed/picture/q785zn2d/61f3154ba9c1e0f6527bb1640c4ba76ce3d3a00f.jpg
Détails,Neuf,Ouakam Dakar,20 000 F Cfa,https://i.roamcdn.net/hz/ed/listing-thumb-543w/2f10f728d4d06df0f3fae58398a35849/-/horizon-files-prod/ed/picture/qgq9q858/8680c59a870ee8406296542dc14065c31314de13.jpg
Détails,Neuf,Grand-Dakar Dakar,20 000 F Cfa,https://i.roamcdn.net/hz/ed/listing-thumb-543w/f539443845d9d2ba511d060bc1e89175/-/horizon-files-prod/ed/picture/qder6850/df6ba2ce050bead1e2366f666eb5c3eeba799fca.png
Détails,Neuf,Grand-Dakar Dakar,25 000 F Cfa,https://i.roamcdn.net/hz/ed/listing-thumb-543w/cc77127bf3f3403b2b010237fed8eca2/-/horizon-files-prod/ed/picture/qjnk5ed/7f4df55ef9547cb2c621ce87f86bec307041e088.png
,Neuf,Hann maristes Dakar,,https://i.roamcdn.net/hz/ed/listing-thumb-543w/a5c1893b4d369f554e32798c5edec7fc/-/horizon-files-prod/ed/picture/q785gr0x/0ea8438b00b22bfb2f22352ef0b24620acd3beee.jpg
Détails,Neuf,Grand-Dakar Dakar,35 000 F Cfa,https://i.roamcdn.net/hz/ed/listing-thumb-543w/621f11162eeacb87fd9b66f166f067e2/-/horizon-files-prod/ed/picture/qdek8664/b51447a26b10d45001fafb166d2c51d91ab15e7b.png
Détails,Neuf,Sicap Liberté Dakar,20 000 F Cfa,https://i.roamcdn.net/hz/ed/listing-thumb-543w/0ee4a02ac493d547840a71d83ac5ee7d/-/horizon-files-prod/ed/picture/q2j0dxg2/e56488d0804e6af12217ba50c02d56f74254f309.jpg
,Neuf,Médina Dakar,35 000 F Cfa,https://i.roamcdn.net/hz/ed/listing-thumb-543w/be8fa22b849a404bcd6d7ceb7aef8056/-/horizon-files-prod/ed/picture/q9mj2m2p/116560e75379dbe5ab9442a3c9b1d290b6375bbc.jpg
Détails,Neuf,Rufisque Dakar,100 000 F Cfa,https://i.roamcdn.net/hz/ed/listing-thumb-543w/2a07ee896e5fee41995582295ffe5dd0/-/horizon-files-prod/ed/picture/qngpk0j9/58e3cb51f2ff0a228ce5f734694149d585a89db5.jpg
Détails,Neuf,Plateau Dakar,25 000 F Cfa,https://i.roamcdn.net/hz/ed/listing-thumb-543w/a820cd23c485f524d20b5fbde6853bbf/-/horizon-files-prod/ed/picture/migrated/qp0jmpm/4e3fc5d19a269e364dc84ded6126cf3f061b1270.jpg
Détails,Neuf,Guediawaye Dakar,5 000 F Cfa,https://i.roamcdn.net/hz/ed/listing-thumb-543w/82254e1dbd78bdbd90c5b18c4585c29e/-/horizon-files-prod/ed/picture/qzvpw2vk/f5cf6cea01465fffd809953e05bf7941c0b0e5d5.jpg
Détails,Neuf,Parcelles Assainies Dakar,20 000 F Cfa,https://i.roamcdn.net/hz/ed/listing-thumb-543w/1af4136ef6161cc13700dd08ca9d7a4d/-/horizon-files-prod/ed/picture/qgqw7dp9/9fbdb530c43f1c064b423e194423da39ec4f31d7.jpg
Détails,Neuf,Grand-Dakar Dakar,50 000 F Cfa,https://i.roamcdn.net/hz/ed/listing-thumb-543w/0b38e032bea7ccbdf72b97ef4a6122e6/-/horizon-files-prod/ed/picture/qxjdq648/70bf3be91be3ef3c7d073343e07a2b7c61ebcaf3.png
Détails,Neuf,Plateau Dakar,6 000 F Cfa,https://i.roamcdn.net/hz/ed/listing-thumb-543w/37998830cc75770ce3a2282c03dc9887/-/horizon-files-prod/ed/picture/qgqw7eve/c5354d592716fefc6ef2af6a70f822d97b30ef2e.png
Détails,Neuf,Plateau Dakar,6 000 F Cfa,https://i.roamcdn.net/hz/ed/listing-thumb-543w/5a042d03b8755cd72aeb891c1defbf9e/-/horizon-files-prod/ed/picture/qkr8njrj/f6cafb782ae19ec9dc5e9aa84358175bcb699f28.jpg
Détails,Neuf,Sicap Liberté Dakar,1 F Cfa,https://i.roamcdn.net/hz/ed/listing-thumb-543w/f3d99d2747ce648395ad33d340eb9461/-/horizon-files-prod/ed/picture/q56dq74p/fa8f534044bd25f4fad8ec8ac7f5f37f6c655269.jpg
Détails,Neuf,Sicap Liberté Dakar,1 F Cfa,https://i.roamcdn.net/hz/ed/listing-thumb-543w/582b6d9aa248c542b227db499fa04247/-/horizon-files-prod/ed/picture/qzvpwg4r/50c54bc81363ea0ba26444852f4dfd35a5708eae.jpg
Détails,Neuf,Ouakam Dakar,50 000 F Cfa,https://i.roamcdn.net/hz/ed/listing-thumb-543w/5a6bc7ad78777f15d4c03fd437f68361/-/horizon-files-prod/ed/picture/q0g76d26/b2dd6ea262664838b11fea8844270ad73437f844.jpg
,Neuf,Plateau Dakar,50 000 F Cfa,https://i.roamcdn.net/hz/ed/listing-thumb-543w/796ed12ea9e58ae0ef8c0e392106fd9b/-/horizon-files-prod/ed/picture/q785pxnx/980c4b6af3ac82c539fc14979e775350b1db2681.jpg
Détails,Neuf,Plateau Dakar,50 000 F Cfa,https://i.roamcdn.net/hz/ed/listing-thumb-543w/09198180fec901209d9e27e4573bc078/-/horizon-files-prod/ed/picture/qnmemvr/9b3e4735775ea9fe456f617987a5ff65d95e646e.jpg
,Neuf,Plateau Dakar,50 000 F Cfa,https://i.roamcdn.net/hz/ed/listing-thumb-543w/a200b8d3d586f0e31b8acf55dce6ddd3/-/horizon-files-prod/ed/picture/migrated/qp00r7v/0ad0f217c397f6c1ad153f5240378ae0d0b21f23.jpg
Détails,D'occasion,Ouakam Dakar,40 000 F Cfa,https://i.roamcdn.net/hz/ed/listing-thumb-543w/5151b6783064839ebbd81c63c9b3f52e/-/horizon-files-prod/ed/picture/q0gwq576/c10387ff88efb57833e5be67651ff5790ef246d7.jpg
Détails,Neuf,Plateau Dakar,25 000 F Cfa,https://i.roamcdn.net/hz/ed/listing-thumb-543w/5dc9c41d27b95e7ec5efd84934f05d08/-/horizon-files-prod/ed/picture/qxjpnnj8/29beb3f7b35fa84c1154f30528595ae7875ae75e.png
Détails,Neuf,Plateau Dakar,30 000 F Cfa,https://i.roamcdn.net/hz/ed/listing-thumb-543w/d1f1404cff8ea9be7860d6ccf57217e6/-/horizon-files-prod/ed/picture/q6xdj2mv/664655adfc82037ba3be98798e61ffb0ebed4a65.png
Détails,Neuf,Grand-Dakar Dakar,22 000 F Cfa,https://i.roamcdn.net/hz/ed/listing-thumb-543w/dd9fab211857e52d967f9e0bc864f880/-/horizon-files-prod/ed/picture/q9epnp6/dc35e9b55195bbc5aab5f8985fa50aa23ee207c8.png
Détails,Neuf,Grand-Dakar Dakar,11 000 F Cfa,https://i.roamcdn.net/hz/ed/listing-thumb-543w/75ecb55735761f121e05a8412b103e24/-/horizon-files-prod/ed/picture/qgvx460/8283729cb95bac41e2fe40143027291ef41abca2.jpg
Détails,Neuf,Castor Dakar,15 000 F Cfa,https://i.roamcdn.net/hz/ed/listing-thumb-543w/aae18803b59b62d8f3200af100af1f8c/-/horizon-files-prod/ed/picture/q2j060qg/0d7c3ff0bd08f44c81df76f1e1da031145f0e442.jpg
Détails,Neuf,Grand-Dakar Dakar,35 000 F Cfa,https://i.roamcdn.net/hz/ed/listing-thumb-543w/56a7a32a1b1a705cb55ef4d57be4cbcb/-/horizon-files-prod/ed/picture/q2j0kj4e/0c0c73feece0e889133ede3c7dabe1afb64ec7bf.png
Détails,Neuf,Patte d‘oie Dakar,35 000 F Cfa,https://i.roamcdn.net/hz/ed/listing-thumb-543w/a357dfcd92d2a6d9fcf2a6afc46f7840/-/horizon-files-prod/ed/picture/qkr8exp8/a84f60dbae28c205ead6b07c9499087452eb4d76.jpg
Détails,Neuf,Sicap Liberté Dakar,1 F Cfa,https://i.roamcdn.net/hz/ed/listing-thumb-543w/b2238e3ee537498df972ad8be9692c8a/-/horizon-files-prod/ed/picture/qrz8ek5m/29d24797758bed8da63d7fce32d11352d558abca.png
Détails,Neuf,Castor Dakar,19 000 F Cfa,https://i.roamcdn.net/hz/ed/listing-thumb-543w/14f64ac713b0f56624afb879e3aaf849/-/horizon-files-prod/ed/picture/qv4w68w8/8410f6101f7fcba2c48a732ed431f486520dafe4.jpg
Détails,Neuf,Grand-Dakar Dakar,6 500 F Cfa,https://i.roamcdn.net/hz/ed/listing-thumb-543w/7dc2564179a2a4c3722d1bbcd35f7bf2/-/horizon-files-prod/ed/picture/qqppndw/39dc754f03e34fb480c3abd19007c45840b11e35.jpg
Détails,Neuf,Ouest foire Dakar,40 000 F Cfa,https://i.roamcdn.net/hz/ed/listing-thumb-543w/8b46d40b5977eb85780a407b4930b6d8/-/horizon-files-prod/ed/picture/q56dnqv2/fd1e1ba88deb399eef18a3f19e2e9830b2869bdc.png
Détails,Neuf,Grand-Dakar Dakar,15 000 F Cfa,https://i.roamcdn.net/hz/ed/listing-thumb-543w/8ddd7cdd161fc690d8c01b9507251f06/-/horizon-files-prod/ed/picture/q62nmnj/b8b123ce861d7f43c70f4d63a2c96400b0bc0eb8.jpg
Détails,Neuf,Grand-Dakar Dakar,15 000 F Cfa,https://i.roamcdn.net/hz/ed/listing-thumb-543w/9542948d6f55b0b181d5b668e27d3795/-/horizon-files-prod/ed/picture/qxjjmgnn/da33f960361f12cd9d220e7c983a14ce52ed2b5b.jpg
Détails,Neuf,Patte d‘oie Dakar,32 500 F Cfa,https://i.roamcdn.net/hz/ed/listing-thumb-543w/8085ac088ab6d6d2fe4701c34995bc19/-/horizon-files-prod/ed/picture/qxe7knj/69d4ae568f569ae79fa26bf543d05c0574e39bf4.jpg
Détails,Neuf,Hlm Dakar,38 000 F Cfa,https://i.roamcdn.net/hz/ed/listing-thumb-543w/7fbad7ca1269bca355c67923ccdc571c/-/horizon-files-prod/ed/picture/qkr8wdrp/1e751226430f6981e8d9bc51d066434796ea2e27.jpg
Détails,D'occasion,Guediawaye Dakar,300 000 F Cfa,https://i.roamcdn.net/hz/ed/listing-thumb-543w/39116ff8063a72877437ed0bff95c06a/-/horizon-files-prod/ed/picture/qngpmn0m/9995f962116241102a171e1ae4fbab465c473fe5.jpg
,Neuf,Guediawaye Dakar,3 000 F Cfa,https://i.roamcdn.net/hz/ed/listing-thumb-543w/23d46ef306c1d2841940c2fb1c1f9381/-/horizon-files-prod/ed/picture/q2j0prj8/593136af0f273c770ddb17991fc6ad9d69f2c643.jpg
Détails,D'occasion,Parcelles Assainies Dakar,10 000 F Cfa,https://i.roamcdn.net/hz/ed/listing-thumb-543w/b280a78828e4c77adb920d169d62a147/-/horizon-files-prod/ed/picture/q0g7mxpx/b0ab53364c775a322ecea9b7272091c7e3762e04.jpg
Détails,Venant,Liberte 6 Dakar,32 000 F Cfa,https://i.roamcdn.net/hz/ed/listing-thumb-543w/9f184dd988f8e0234bdc9429a10eea19/-/horizon-files-prod/ed/picture/qrz8dg9m/50a3253ba266d85c3618cce0dfe264dbb1ef0e36.png
Détails,Venant,Liberte 6 Dakar,24 000 F Cfa,https://i.roamcdn.net/hz/ed/listing-thumb-543w/e350dd04975f7da831ea400f7a7a6d4e/-/horizon-files-prod/ed/picture/q56d7me6/de98261dd57c0a5cfb19f7882fd87d0b2d1939a7.png
,Neuf,Plateau Dakar,50 000 F Cfa,https://i.roamcdn.net/hz/ed/listing-thumb-543w/1df7d082170348d73e67302973885f44/-/horizon-files-prod/ed/picture/qpdmkk5w/b82105106f9b57993b021e75a420dc16b953c3cb.png
Détails,Neuf,Nord foire Dakar,30 000 F Cfa,https://i.roamcdn.net/hz/ed/listing-thumb-543w/4750a1ba446411e90b351117f218f322/-/horizon-files-prod/ed/picture/q448xw4v/45dfd74a057b475f93adaafa97f25d8734c91068.jpg
Détails,Neuf,Ouest foire Dakar,170 000 F Cfa,https://i.roamcdn.net/hz/ed/listing-thumb-543w/c4c29124d0e45892402efdd1bfe34531/-/horizon-files-prod/ed/picture/qpdmkkjq/cf60ddb0412877610fc887dabafe6358928a852c.jpg
Détails,D'occasion,Ouest foire Dakar,300 000 F Cfa,https://i.roamcdn.net/hz/ed/listing-thumb-543w/97ee48cbb030d2270a545d42ec7bafe7/-/horizon-files-prod/ed/picture/q445j4m9/57955d03653196479d949b25970f3c603e9ce3a2.jpg
Détails,Venant,Thiès Thiès,1 F Cfa,https://i.roamcdn.net/hz/ed/listing-thumb-543w/ee837bb1ce5330c874ca3f2cd7d354b4/-/horizon-files-prod/ed/picture/q6xq7d6v/dc5addeede18c0efed8b23491c7b4f3805336bad.jpg
Détails,Venant,Thiès Thiès,1 F Cfa,https://i.roamcdn.net/hz/ed/listing-thumb-543w/2adada695052f2497ed23d9c77cd2f16/-/horizon-files-prod/ed/picture/qv4dmwpx/f907aedcfbc990dfd5bfdbb65f89ac71312f2b19.jpg
Détails,Venant,Thiès Thiès,1 F Cfa,https://i.roamcdn.net/hz/ed/listing-thumb-543w/5ce9ab3e22ea7a28fc0f765415f3bc5e/-/horizon-files-prod/ed/picture/qwermpz0/8dc3ac8f615bf531e1f81363e933f9812974b9c1.jpg
Détails,Venant,Thiès Thiès,1 F Cfa,https://i.roamcdn.net/hz/ed/listing-thumb-543w/6339411b153a2332ba12c3d06c17a318/-/horizon-files-prod/ed/picture/q8vm0457/4f8f63e086c5648ca33757a3d49ef4fcb56fc091.jpg
Détails,Neuf,Gibraltar Dakar,55 000 F Cfa,https://i.roamcdn.net/hz/ed/listing-thumb-543w/29e27b1389ecba38d2208bee895d5d17/-/horizon-files-prod/ed/picture/q445j5e8/c0083d8507c86e8fd3f3c74cd3aa0c2d1244603d.jpg
Détails,Neuf,Castor Dakar,30 000 F Cfa,https://i.roamcdn.net/hz/ed/listing-thumb-543w/d32a5453d961219bbb6b98f04b9ab2b1/-/horizon-files-prod/ed/picture/qrzvdqmm/ab9b0b30ac5ed8dd1ac97ed079bfbdc3162918d3.jpg
Détails,Venant,Parcelles Assainies Dakar,65 000 F Cfa,https://i.roamcdn.net/hz/ed/listing-thumb-543w/71f026dd11398463f1851d7cce3ec508/-/horizon-files-prod/ed/picture/qwepq060/41235a60b80c6427ff39e1c02b4342361ff6fc54.jpg
Détails,Venant,Parcelles Assainies Dakar,35 000 F Cfa,https://i.roamcdn.net/hz/ed/listing-thumb-543w/d5194c4cd843aff452e64f764dc64769/-/horizon-files-prod/ed/picture/qkr89nem/ba7159842702a335009d8e9c4dec53e838a27696.jpg
Détails,Neuf,Hlm grand-yoff Dakar,10 000 F Cfa,https://i.roamcdn.net/hz/ed/listing-thumb-543w/d47bc7b794e002c9b9a493d13832bb18/-/horizon-files-prod/ed/picture/q8vm0xzn/6033dc8c75e5a92d71d53f6ab96812dbbccddd33.jpg
Détails,Neuf,Hlm grand-yoff Dakar,40 000 F Cfa,https://i.roamcdn.net/hz/ed/listing-thumb-543w/2812119389ca23ceeb6ebac6b4e6319a/-/horizon-files-prod/ed/picture/q2jkznwp/e5a1944f0ef964ccfebcafc5811e5eaa32c9e904.jpg
Détails,Neuf,Guediawaye Dakar,15 000 F Cfa,https://i.roamcdn.net/hz/ed/listing-thumb-543w/7307720e028274130708e3aed02385c9/-/horizon-files-prod/ed/picture/qv4wrdwg/302519559870d15dbaa1b795971468f456d0db1d.jpg
,Neuf,Liberte 6 Dakar,5 000 F Cfa,https://i.roamcdn.net/hz/ed/listing-thumb-543w/faa85947c3beb5459b38216d49649e90/-/horizon-files-prod/ed/picture/q445jw74/61fe548ce966aa5cb87b697000e2046d5ef372c7.png
,Neuf,Liberte 6 Dakar,5 000 F Cfa,https://i.roamcdn.net/hz/ed/listing-thumb-543w/97af5a222c0ccda30f5b0fcec4b5a065/-/horizon-files-prod/ed/picture/qj46m925/c8f9ad9fcc04f8cf9e842e7c5abb0ce03a354420.png
,Neuf,Sicap foire Dakar,5 000 F Cfa,https://i.roamcdn.net/hz/ed/listing-thumb-543w/a50820432caec7c1778c57db0745968f/-/horizon-files-prod/ed/picture/qzv82weq/790988f05ed7f80bdb85b90380623b679f425bc3.png
,Neuf,Sicap foire Dakar,25 000 F Cfa,https://i.roamcdn.net/hz/ed/listing-thumb-543w/0f95fb2d6bef6ced5496a1bf884d3ebe/-/horizon-files-prod/ed/picture/q0gkpv5j/228162061263204f31dfdaed204ecc603df380a4.png
,Neuf,Sicap foire Dakar,35 000 F Cfa,https://i.roamcdn.net/hz/ed/listing-thumb-543w/44ddd7bf0e6e50df8ae94fa0ba4d440a/-/horizon-files-prod/ed/picture/qng9582m/d65c1180659dee74695dc21fa393cf6c80637074.png
,Neuf,Sicap foire Dakar,30 000 F Cfa,https://i.roamcdn.net/hz/ed/listing-thumb-543w/3706994a5ba7b80dc3cc801aaff1c35b/-/horizon-files-prod/ed/picture/q8vm0rd0/0e90606e8546a39f31a3ab0a699b59b094495ebe.png
,Neuf,Sicap foire Dakar,20 000 F Cfa,https://i.roamcdn.net/hz/ed/listing-thumb-543w/2f594edc39b9386d4040fdaf7a5b58d1/-/horizon-files-prod/ed/picture/q56pwq55/de28e397912a2e9971840d7d0d82ca13c64b60fe.png
Détails,Neuf,Hlm grand-yoff Dakar,46 000 F Cfa,https://i.roamcdn.net/hz/ed/listing-thumb-543w/3847be41f5717800c78510f6e85fa7af/-eyJvciI6OTB9/horizon-files-prod/ed/picture/qng95k8v/34205cd8dbe7ad87d5c7656a0f2e1227a653d98e.jpg
Détails,Venant,Thiès Thiès,5 F Cfa,https://i.roamcdn.net/hz/ed/listing-thumb-543w/c51825961ba85c1ea5059e2e8b9d8a88/-/horizon-files-prod/ed/picture/qj4qvj25/ea113a7656f9ddcc7a4cc5bc48d9af2cf0716d21.jpg
Détails,Neuf,Castor Dakar,18 000 F Cfa,https://i.roamcdn.net/hz/ed/listing-thumb-543w/47c009246644e85cdfcb763bb70fa436/-/horizon-files-prod/ed/picture/qxj8d4nm/c0d9caf16383b952fa7f2d52fd67e153a69870d3.jpg
,Neuf,Pikine Dakar,50 000 F Cfa,https://i.roamcdn.net/hz/ed/listing-thumb-543w/22f5469efc9c83459be310972a875842/-/horizon-files-prod/ed/picture/qxjp0gjv/be70b6a9386f533e0cfe4f9e3b53b01221e98e67.jpg
Détails,Neuf,Ouakam Dakar,65 000 F Cfa,https://i.roamcdn.net/hz/ed/listing-thumb-543w/9eaf92d08c9b1773d7b6c171732fde8f/-/horizon-files-prod/ed/picture/q78wngxq/6c974b28d404d9cc966acc29208233a0b6de2c96.jpg
Détails,Neuf,Ouakam Dakar,2 000 000 F Cfa,https://i.roamcdn.net/hz/ed/listing-thumb-543w/ac00a3b433715aca2e9289ca5df6b50e/-/horizon-files-prod/ed/picture/qxjp0rjq/27dd9dc79495a8732650600b34019344871b160c.jpg
,Neuf,Médina Dakar,45 000 F Cfa,https://i.roamcdn.net/hz/ed/listing-thumb-543w/f723b0a962ac9a96559a73afed17ce41/-/horizon-files-prod/ed/picture/qpdmjmqx/55b785d605f8deff9ea5559ead17c786421860b6.jpg
Détails,Neuf,Castor Dakar,10 000 F Cfa,https://i.roamcdn.net/hz/ed/listing-thumb-543w/3a651e4bddb672070cf3ee92a23c3c0c/-/horizon-files-prod/ed/picture/qxjpedem/9dba802f41192987ff1cf27a78a2ac807581a6ab.jpg
Détails,D'occasion,Almadies Dakar,300 000 F Cfa,https://i.roamcdn.net/hz/ed/listing-thumb-543w/5cf14b9c5554014c9df490d1f87a46ad/-/horizon-files-prod/ed/picture/qng9g0re/0f26e7a2b5fecf9c58b4931da1c18eb8cd76d175.jpg
,Neuf,Grand-Yoff Dakar,105 000 F Cfa,https://i.roamcdn.net/hz/ed/listing-thumb-543w/b7d3bcf1f068838a6ce3d513fce0b199/-/horizon-files-prod/ed/picture/qzv8vxr9/db93fff71d8c5d5ccbe67983ff631408c0aa4a71.jpg
Description,,Médina Dakar,,https://i.roamcdn.net/hz/ed/listing-thumb-543w/da37d614588f08cf4f318e334088b4ec/-/horizon-files-prod/ed/picture/migrated/q95g0v5/c6b3ffa3e5993d10e7fb0c74e6d83930f9e67479.jpg
Détails,Neuf,Hlm grand-yoff Dakar,40 000 F Cfa,https://i.roamcdn.net/hz/ed/listing-thumb-543w/72bd02b41a4ad6751db5c4a795605500/-/horizon-files-prod/ed/picture/qzv8v5rg/d942ad5da1710f9cc7c6d9073c2478558614672e.jpg
Détails,Neuf,Ouakam Dakar,40 000 F Cfa,https://i.roamcdn.net/hz/ed/listing-thumb-543w/d9beb88deb869ffa518ae35609cf1dc4/-/horizon-files-prod/ed/picture/migrated/qm0j529/09e8d7e8562a17b34f0d50f9e7e3b42863d46aef.jpg
Détails,Neuf,Plateau Dakar,180 000 F Cfa,https://i.roamcdn.net/hz/ed/listing-thumb-543w/7f51c1192510ee8db3ce314ee34370f0/-/horizon-files-prod/ed/picture/q0gkg0v6/e8b68fb2ed41eccad650f25e0b518e6333c2ebdf.jpg
Détails,Neuf,Castor Dakar,25 000 F Cfa,https://i.roamcdn.net/hz/ed/listing-thumb-543w/68d90263c64f6c306b2b686637b6e617/-/horizon-files-prod/ed/picture/qngpwmwz/dbaa3fbe20fddc810fe09eac3f4d564c7af470b8.jpg
Détails,Neuf,Dieuppeul Dakar,3 000 F Cfa,https://i.roamcdn.net/hz/ed/listing-thumb-543w/c7819de1910c6a59b4d7ff3852713748/-/horizon-files-prod/ed/picture/qgq99req/c1e4bd3dfe6112cae54e0b6b20864a415198b666.jpg
,Neuf,Castor Dakar,19 500 F Cfa,https://i.roamcdn.net/hz/ed/listing-thumb-543w/27c68a9c44e394083d79d818d89cbf22/-/horizon-files-prod/ed/picture/qv4d4vx5/0176c69c2bfbc5b03f22529b7f6d678e2ec87b63.jpg
,Neuf,Castor Dakar,35 000 F Cfa,https://i.roamcdn.net/hz/ed/listing-thumb-543w/662df5733810d9caae41bf498ac69f1f/-/horizon-files-prod/ed/picture/qq4z4xge/398a6b099879976416dbbf243e2bc7b458113f53.jpg
,Neuf,Castor Dakar,22 500 F Cfa,https://i.roamcdn.net/hz/ed/listing-thumb-543w/ef06362cf82b7c31ea8aad28010f434f/-/horizon-files-prod/ed/picture/qkr7rnq5/36dfe660d8b59052b426113f6e310b741c631404.jpg
Détails,Neuf,Plateau Dakar,1 F Cfa,https://i.roamcdn.net/hz/ed/listing-thumb-543w/8e32964a874b5f17a66528f2edea2654/-/horizon-files-prod/ed/picture/q78j8q0j/36ede3a3a704e5b577ceb4fc4a078a0aadefb80d.jpg
Détails,D'occasion,Ngaparou Thiès,1 F Cfa,https://i.roamcdn.net/hz/ed/listing-thumb-543w/bf99132142925ce8a2006d8160a28f40/-/horizon-files-prod/ed/picture/q78j8q55/8b55938ab665dddcac5a18e9fb5d5304a6e793c5.jpg
Détails,Neuf,Thiès Thiès,1 F Cfa,https://i.roamcdn.net/hz/ed/listing-thumb-543w/4ffeabbdc60074e75ba4d000bb60971d/-/horizon-files-prod/ed/picture/qenvgjrv/6ae9437d8b52c9a6df56879245d3fd75ef342b64.jpg
Détails,Neuf,Thiès Thiès,1 F Cfa,https://i.roamcdn.net/hz/ed/listing-thumb-543w/fe3764ebb525b5d89df73b31a39da399/-/horizon-files-prod/ed/picture/qq4z4e8p/653bdd6b250746ec021740b31d98d7133f05e6f7.jpg
Détails,Neuf,Thiaroye Dakar,32 000 F Cfa,https://i.roamcdn.net/hz/ed/listing-thumb-543w/e78ae188bf72b30e92aa4c7acdef3189/-/horizon-files-prod/ed/picture/q78j89nj/a127abeb77e3bd4cc542975b491b6b89b9edef75.jpg
Détails,Neuf,Plateau Dakar,,https://i.roamcdn.net/hz/ed/listing-thumb-543w/f98d7cc9fbb0c22ef3764aa076bc0e65/-/horizon-files-prod/ed/picture/qwepj8rz/399fe78ec90db84216b9a10bfd2e36558a837f1d.jpg
Détails,Neuf,Grand-Dakar Dakar,60 000 F Cfa,https://i.roamcdn.net/hz/ed/listing-thumb-543w/6ae062ace9dd3efaa4ff50180cb9d899/-/horizon-files-prod/ed/picture/q94z565/3bdde9ca8596248a7dce0fa248c41885c7dfbc2d.png
Détails,Neuf,Castor Dakar,10 000 F Cfa,https://i.roamcdn.net/hz/ed/listing-thumb-543w/136179382b848b6fca9045b0f6e29ee2/-/horizon-files-prod/ed/picture/qrz8mzk4/5c4f70a8fe20f733ebb8fa1e67b0e3e030ad61fd.jpg
Détails,Neuf,Castor Dakar,30 000 F Cfa,https://i.roamcdn.net/hz/ed/listing-thumb-543w/7be9ba6b34e30fe190204762bcfb0b7b/-/horizon-files-prod/ed/picture/qde7r96r/b29419c8024798768638c75f7c68b2f28090f3f9.jpg
Détails,Neuf,Hann maristes Dakar,24 000 F Cfa,https://i.roamcdn.net/hz/ed/listing-thumb-543w/543fe173c25e8e5540cdd1c0966627b5/-/horizon-files-prod/ed/picture/q9mjg0jv/0bc964e6b1666eb53159da5fdfe3097d8a8932ac.jpg
Détails,Neuf,Plateau Dakar,25 000 F Cfa,https://i.roamcdn.net/hz/ed/listing-thumb-543w/7bc11cbba55fcea09561b3eddfdbc8f8/-/horizon-files-prod/ed/picture/migrated/qn72w6x/a1daa125de6742816ed31c8565c71844349cb990.jpg
Détails,Neuf,Ouakam Dakar,4 000 000 F Cfa,https://i.roamcdn.net/hz/ed/listing-thumb-543w/fa5c931dd287b4f93d3c852332d52a81/-/horizon-files-prod/ed/picture/qj4q80jr/a10e439e7015a1ed9e3f67606cc98696b304d6bc.jpg
,Neuf,Médina Dakar,125 000 F Cfa,https://i.roamcdn.net/hz/ed/listing-thumb-543w/9772e10a808d6d78155d42817d4b19f5/-/horizon-files-prod/ed/picture/qq4zd70e/b76aa107f68a111762c1618ee1348f2ec8ecdaf2.jpg
Détails,Neuf,Liberte 6 Dakar,69 999 F Cfa,https://i.roamcdn.net/hz/ed/listing-thumb-543w/e058e92bb8d2fcb87ed7b2df6b1c8ce5/-/horizon-files-prod/ed/picture/q44nmv6e/c1d68cda76ec08ae5f3240fad6698611a81eed45.jpg
Détails,Venant,Patte d‘oie Dakar,800 000 F Cfa,https://i.roamcdn.net/hz/ed/listing-thumb-543w/1f3a96980875e335c1e8fb6b00c3b268/-/horizon-files-prod/ed/picture/qngxedek/32fe27bd44e0028d342e7a1719c38f2923c35329.jpg
Détails,D'occasion,Guediawaye Dakar,600 000 F Cfa,https://i.roamcdn.net/hz/ed/listing-thumb-543w/9b236f4bae1a0e5ce984ddefdf3cf7df/-/horizon-files-prod/ed/picture/qxj86xxq/c1e1b315402b7929238c0f9f649750920661d154.jpg
,Neuf,Thiaroye Dakar,50 000 F Cfa,https://i.roamcdn.net/hz/ed/listing-thumb-543w/19615e7df9b2ec3095fc037f2fd12bf0/-/horizon-files-prod/ed/picture/qj46j24w/f44f0a4c72d5b7f564fc642162d17011d0024317.jpg
Détails,Neuf,Mermoz Dakar,45 000 F Cfa,https://i.roamcdn.net/hz/ed/listing-thumb-543w/2faa39dd679006aae9290b2c80ca55a1/-/horizon-files-prod/ed/picture/qde9w644/c3f2c5c33f9e8f6b7c5a16b5b409a5106b213977.jpg
,Neuf,Plateau Dakar,,https://i.roamcdn.net/hz/ed/listing-thumb-543w/a16271c34e18719dd9d61260a2649381/-/horizon-files-prod/ed/picture/qxj86n6z/745e37dcc64345d7091da6e404140e4ddc84c192.jpg
,Neuf,Plateau Dakar,,https://i.roamcdn.net/hz/ed/listing-thumb-543w/89ee9c44d5ac2829cf545df555a130b2/-/horizon-files-prod/ed/picture/q445d28p/96cb98bbb9c1b41edec43e4f26edd5ede82278c2.jpg
,Neuf,Plateau Dakar,,https://i.roamcdn.net/hz/ed/listing-thumb-543w/d8d4e8964e2299af6dca3b28b8872e23/-/horizon-files-prod/ed/picture/qkr75dgn/e8417179a82ab1464bc20e9e4edd6eee607d2902.jpg
Détails,Neuf,Plateau Dakar,,https://i.roamcdn.net/hz/ed/listing-thumb-543w/300335d54d5510f254431533d00d536b/-/horizon-files-prod/ed/picture/q8vmv8k0/0ec3e19137bcdd60cc388f20c5f84ac170bea550.jpg
Détails,Neuf,Castor Dakar,37 500 F Cfa,https://i.roamcdn.net/hz/ed/listing-thumb-543w/d35d0f0fcf1426a23ae0145aa7c2d493/-/horizon-files-prod/ed/picture/q9mk8v70/d40a4a30820401b66b19af1afc4da239ee198dc7.jpg
Détails,Neuf,Médina Dakar,45 000 F Cfa,https://i.roamcdn.net/hz/ed/listing-thumb-543w/39c6991176e34b03cc7eeb63efecf108/-/horizon-files-prod/ed/picture/qenr5nx4/bafc274cc59c25038763ab2df7ec8f68bd714c2c.jpg
,Neuf,Plateau Dakar,,https://i.roamcdn.net/hz/ed/listing-thumb-543w/38b31dd03645957ee8621ee40f26bdf4/-/horizon-files-prod/ed/picture/qrzrzw6q/240d6f9da81abefdbc943fcdb8381bc804e5314b.jpg
Détails,Neuf,Plateau Dakar,1 F Cfa,https://i.roamcdn.net/hz/ed/listing-thumb-543w/cd468e7953b0f44a4fd9682cf8ae9469/-/horizon-files-prod/ed/picture/qm5057jw/a59b3ff4b2cbe395b29eb313711026cc3d4b6aee.jpg
,Neuf,Plateau Dakar,,https://i.roamcdn.net/hz/ed/listing-thumb-543w/41aff437e927a6138dc0eee62d28e7b9/-/horizon-files-prod/ed/picture/qde9eme7/f0279ff7c99c72da78a458e303e2f957d376e27e.jpg
Détails,Neuf,Castor Dakar,10 000 F Cfa,https://i.roamcdn.net/hz/ed/listing-thumb-543w/3321c7a1e0bbb730ac36376627d6ac1d/-/horizon-files-prod/ed/picture/qkr5557j/c87435018d07a612dd52244461b5e066a8e11bdb.jpg
,Neuf,Rufisque Dakar,35 000 F Cfa,https://i.roamcdn.net/hz/ed/listing-thumb-543w/821c46535060b44c956a9ce2f026c638/-/horizon-files-prod/ed/picture/qm50rxnd/695d17bd31a099be9b557be1d36e5f7c0f1f10a2.jpg
Détails,Neuf,Plateau Dakar,35 000 F Cfa,https://i.roamcdn.net/hz/ed/listing-thumb-543w/f05b3bb42ba41b18dc88332dbae08828/-/horizon-files-prod/ed/picture/migrated/qzzx7jn/86db580a52d4c9255dbed78b7e403d1c99436230.jpg
Détails,Neuf,Hann maristes Dakar,72 000 F Cfa,https://i.roamcdn.net/hz/ed/listing-thumb-543w/b04c94dc340ae5eab73bccc0338054fb/-/horizon-files-prod/ed/picture/qde7pqw2/8574871894651fea8e0fb47698ad27fc57cd233e.jpg
Détails,Venant,Thiaroye Dakar,100 F Cfa,https://i.roamcdn.net/hz/ed/listing-thumb-543w/ea38a955ea360e5ed3f1fb4575e56921/-/horizon-files-prod/ed/picture/qm50prd9/4deff7a3deb3cf7ac4b7e0c93208d3007aacee23.jpg
Détails,Neuf,Castor Dakar,15 000 F Cfa,https://i.roamcdn.net/hz/ed/listing-thumb-543w/9deaae59bd2597aa74b1a98603379667/-/horizon-files-prod/ed/picture/q0gwd60x/9fe3ec5557fc9cdd7728e240ec158184a19bf78e.jpg
Détails,Neuf,Castor Dakar,20 000 F Cfa,https://i.roamcdn.net/hz/ed/listing-thumb-543w/e72e88b76b63bcfd5316df52288e4332/-/horizon-files-prod/ed/picture/qgq9n46m/8d5996fbfbb7eb65bd6ee9bf46724c6281126ca2.jpg
Détails,Neuf,Parcelles Assainies Dakar,115 000 F Cfa,https://i.roamcdn.net/hz/ed/listing-thumb-543w/566670a5297b41fa2f7bcc43fdcf5f8e/-/horizon-files-prod/ed/picture/qng9x06w/25e4464730aec29e1b20003d8b1fc16b7c5808f7.jpg
Détails,Venant,Nord foire Dakar,1 F Cfa,https://i.roamcdn.net/hz/ed/listing-thumb-543w/8b8c66fcd205093ec407b6e305c5accf/-/horizon-files-prod/ed/picture/qzvpq55q/0f3d6f31bae169ad134466c0675846d24f77f900.jpg
Description,,Dakar,25 000 F Cfa,https://i.roamcdn.net/hz/ed/listing-thumb-543w/9b0785f24b5056bf509c6fb46e96a38f/-/horizon-files-prod/ed/picture/migrated/q8pg95z/9e2c2fd546a8a44664b4c247f0962963b70ca32b.jpg
Détails,Neuf,Hann maristes Dakar,19 000 F Cfa,https://i.roamcdn.net/hz/ed/listing-thumb-543w/b718e3541471ebcd158b9d9fecf248c0/-/horizon-files-prod/ed/picture/qzvpq65n/ef0e2486cedecf8e3dbc386d3171654e8c4afd7c.png
Détails,Neuf,Thiès Thiès,1 F Cfa,https://i.roamcdn.net/hz/ed/listing-thumb-543w/6c6443bd6800a4f52317d8464627abf2/-/horizon-files-prod/ed/picture/qkr7g0m5/150ea9abba255206d518f8ee04be0d4fd103b131.jpg
Détails,Neuf,Dieuppeul Dakar,700 000 F Cfa,https://i.roamcdn.net/hz/ed/listing-thumb-543w/60d0599750070de84f676c4b54c1bf5c/-/horizon-files-prod/ed/picture/q8vm5n67/56653033340b71041001889cab4592439db3546e.jpg
Détails,Neuf,Dieuppeul Dakar,600 000 F Cfa,https://i.roamcdn.net/hz/ed/listing-thumb-543w/8fe49b8b96b6971d4b5cdd73d574b1ba/-/horizon-files-prod/ed/picture/qxj82xr0/d1b3844074cd00c358de04f8c88fb242dd66505f.jpg
Détails,Neuf,Dieuppeul Dakar,450 000 F Cfa,https://i.roamcdn.net/hz/ed/listing-thumb-543w/4a2dde58cd34b5e3a890ceb1b90de1b0/-/horizon-files-prod/ed/picture/qkr7g24m/63a917a9375b2d62ec838baf86e8851f1e95d9ad.jpg
Détails,Neuf,Dieuppeul Dakar,200 000 F Cfa,https://i.roamcdn.net/hz/ed/listing-thumb-543w/c6a5286e762c94ab0a6cfd0c3d7ef644/-/horizon-files-prod/ed/picture/qde9k4v7/1a553fe0efc4827f8ec3f67b291f9564d988773c.jpg
