État,Marque,Année,Adresse,Prix,Image
Venant,Yamaha,2009,"Parcelles Assainies,
                                                                                Dakar",1 300 000 F Cfa,https://i.roamcdn.net/hz/ed/listing-thumb-224w/fa08f1fd7de35298f3725e9b1482a506/-/horizon-files-prod/ed/picture/q0gk8ngj/13d1ca4a5eab4de386a1d8e215c55c57bd8e4345.jpg
D'occasion,Yamaha,2021,"Almadies,
                                                                                Dakar",3 000 000 F Cfa,https://i.roamcdn.net/hz/ed/listing-thumb-224w/4f9c1893bb94ab38ae20d4ee0857b58f/-/horizon-files-prod/ed/picture/q0gk8kjk/55632dd2c2d7b3d7f1eb78ffc3a5d3f2ed3c90f7.jpg
Venant,Honda,2024,"Fass,
                                                                                Dakar",700 000 F Cfa,https://i.roamcdn.net/hz/ed/listing-thumb-224w/a333dca24777f64ddc842ab74942afdd/-/horizon-files-prod/ed/picture/qkr767zz/74250d40f64b3da81e69e1d31dd24b8fd8a38793.jpg
D'occasion,BMW,2020,"Yoff,
                                                                                Dakar",5 200 000 F Cfa,https://i.roamcdn.net/hz/ed/listing-thumb-224w/0cfa004c330d62cd7ab1b83cf81e7f48/-/horizon-files-prod/ed/picture/qenrv6k9/3453cbfc1005734fc2612c8b89c295889f8d1ec0.jpg
Venant,Honda,2018,"Almadies,
                                                                                Dakar",3 200 000 F Cfa,https://i.roamcdn.net/hz/ed/listing-thumb-224w/5f236be65845ccc9ce0003462607e9e3/-/horizon-files-prod/ed/picture/q0gkn67m/ad572c9299300d5b5265efb4117bcd2ef77f50ec.jpg
Neuf,BMW,2024,"Mermoz,
                                                                                Dakar",6 100 000 F Cfa,https://i.roamcdn.net/hz/ed/listing-thumb-224w/1450cd563c82da5f8d3e0be783da88d0/-/horizon-files-prod/ed/picture/q4450kgm/0b42ba3a248c2aae0b1f79fd20a414397a212a5d.jpg
D'occasion,KTM,2010,"Dakar,
                                                                                Dakar",385 000 F Cfa,https://i.roamcdn.net/hz/ed/listing-thumb-224w/ecfa3d1d13b9e738cbd8250bc433ce8b/-/horizon-files-prod/ed/picture/qzv8r84x/5ca7d66a51280322cc98fe562091f74dafdb3855.jpg
Réconditionné,Polaris,2016,"Saly Portudal,
                                                                                Thiès",2 850 000 F Cfa,https://i.roamcdn.net/hz/ed/listing-thumb-224w/0544c115c52923cce6b68364338fc215/-/horizon-files-prod/ed/picture/qxj8w6k0/705442e18d71db5b303f75ee30aa7e4dcee2ad2c.jpg
Venant,BMW,2016,"Point-e,
                                                                                Dakar",2 600 000 F Cfa,https://i.roamcdn.net/hz/ed/listing-thumb-224w/b30f65f7aa865c1f4d29104a9387beeb/-/horizon-files-prod/ed/picture/qj46p0mg/34e8613052e26966e21f49e9e5a5e882ce4fc1ed.jpg
D'occasion,Yamaha,2008,"Guediawaye,
                                                                                Dakar",1 200 000 F Cfa,https://i.roamcdn.net/hz/ed/listing-thumb-224w/481e341ffd2d4fba7eeae5f9ec797220/-/horizon-files-prod/ed/picture/q0gknr56/64612a489c8e89cc7922a3c8cc4ff60fe4680a9e.jpg
Neuf,Yamaha,2022,"Liberte 6 extension,
                                                                                Dakar",1 600 000 F Cfa,https://i.roamcdn.net/hz/ed/listing-thumb-224w/67040ab748845d89052c984f3d30fea5/-/horizon-files-prod/ed/picture/qq4z906j/7889cbe4acde88aded5ae472c91858c52ead1b62.jpg
Venant,Yamaha,2010,"Liberte 6 extension,
                                                                                Dakar",775 000 F Cfa,https://i.roamcdn.net/hz/ed/listing-thumb-224w/1dd104281157826dc9b19f143014cfad/-/horizon-files-prod/ed/picture/q8vmmdk0/dfc26f3b47a00ccfdb914508dd26be008d219a35.jpg
Venant,Piaggio,2020,"Fass,
                                                                                Dakar",950 000 F Cfa,https://i.roamcdn.net/hz/ed/listing-thumb-224w/80eb0202849e5d5159aa08afac9eb81f/-/horizon-files-prod/ed/picture/q4450vwv/2c1583dd69c2e90d48f9632fe1cea7bef4af6755.jpg
Venant,BMW,2021,"Hann maristes,
                                                                                Dakar",3 200 000 F Cfa,https://i.roamcdn.net/hz/ed/listing-thumb-224w/d475b08a02a3d14849d803d82c4c5815/-/horizon-files-prod/ed/picture/qpdg09jw/b078a6e4ec47db71e944b70b3a7ffea7d02b1167.jpg
D'occasion,Yamaha,2009,"Mbour,
                                                                                Thiès",1 200 000 F Cfa,https://i.roamcdn.net/hz/ed/listing-thumb-224w/396645321f516f4ac91fa96681eb99cb/-/horizon-files-prod/ed/picture/q6xqn8en/6294eeae8d1a3f7b3158282acb54f10970a0a637.jpg
D'occasion,BMW,2013,"Saly,
                                                                                Thiès",2 000 000 F Cfa,https://i.roamcdn.net/hz/ed/listing-thumb-224w/4ae15c60bd73439b621911c5e8e2caa1/-/horizon-files-prod/ed/picture/qwerg505/706a45c55dd8c6204fdcff817c3cacef9ee24003.jpg
D'occasion,BMW,2013,"Saly,
                                                                                Thiès",2 000 000 F Cfa,https://i.roamcdn.net/hz/ed/listing-thumb-224w/f6cfaa9168c1be0a739cb19a752485a9/-/horizon-files-prod/ed/picture/q8vm4ez9/8309ec3f69b2a4b8d58f68599de028444757c796.jpg
Venant,BMW,2023,"Dakar,
                                                                                Dakar",5 000 000 F Cfa,https://i.roamcdn.net/hz/ed/listing-thumb-224w/a0521f68d5519dd8be4cfd20461e74a2/-/horizon-files-prod/ed/picture/qq4z9gr7/7247f0997c9e191f4b0bb8c386bf890bb4bab623.jpg
D'occasion,BMW,2012,"Dieuppeul,
                                                                                Dakar",1 200 000 F Cfa,https://i.roamcdn.net/hz/ed/listing-thumb-224w/54a6e2e3979d0b1ac89aec0082b77ba0/-/horizon-files-prod/ed/picture/qxj8gzxz/f7f25ddbb6724ee01a89cab50801b43f18f2aca3.jpg
D'occasion,Harley Davidson,2019,"Almadies,
                                                                                Dakar",15 500 000 F Cfa,https://i.roamcdn.net/hz/ed/listing-thumb-224w/5cff6be8bd308435a5e7c99dd7fb4193/-/horizon-files-prod/ed/picture/qv4dep95/be494ab78766878256198cdb1989f3d592dac121.jpg
D'occasion,Honda,2016,"Mbour,
                                                                                Thiès",3 250 000 F Cfa,https://i.roamcdn.net/hz/ed/listing-thumb-224w/df652a9c6cf3d4f081409bd96dad870b/-/horizon-files-prod/ed/picture/q6xqn6w6/77e0d3a7fd44df41f4e334389a0b19444d6137ed.jpg
D'occasion,BMW,2023,"Sicap Liberté,
                                                                                Dakar",6 500 000 F Cfa,https://i.roamcdn.net/hz/ed/listing-thumb-224w/f48f930e46e8e51c584c9f56d4e312cf/-/horizon-files-prod/ed/picture/qv4dgp45/180b0243cbd1606b2a9934a94cb92dd49d2b1766.jpg
Venant,Honda,2018,"Bargny,
                                                                                Dakar",1 400 000 F Cfa,https://i.roamcdn.net/hz/ed/listing-thumb-224w/5811c7cae6b807152705f5ef3f0b70bb/-/horizon-files-prod/ed/picture/qzvpmxkk/0ed3a3a2d87738f744721ed673145bb12d177aa9.jpg
Venant,Autre,2024,"Hann marinas,
                                                                                Dakar",250 000 F Cfa,https://i.roamcdn.net/hz/ed/listing-thumb-224w/0efad44d174f8ae7309b3797ad29829a/-/horizon-files-prod/ed/picture/qenrrg79/e213450b5a4cebee9dd2398a1471795f157c2115.jpg
D'occasion,Lifan,2022,"Mamelles,
                                                                                Dakar",490 000 F Cfa,https://i.roamcdn.net/hz/ed/listing-thumb-224w/15cf40e834cc1fa4cfae14a41106bca5/-/horizon-files-prod/ed/picture/qng99m8v/c541e21d71ff931b3d408410a97b37e206d104a4.jpg
Venant,Yamaha,2019,"Plateau,
                                                                                Dakar",3 500 000 F Cfa,https://i.roamcdn.net/hz/ed/listing-thumb-224w/947e4da5617e96696437d33a334d0a6d/-/horizon-files-prod/ed/picture/qrzrr9px/cfb7f36e8321a635b87ad42a9bf5581a821dae0e.jpg
Neuf,Autre,2024,"Sacré-cœur,
                                                                                Dakar",395 000 F Cfa,https://i.roamcdn.net/hz/ed/listing-thumb-224w/169fa32c67258120efb4bfef6616bd54/-/horizon-files-prod/ed/picture/qng9969m/38bc10f51ed8b2935b1e00fd71ef9a8849987ec4.jpg
Neuf,CF Moto,2025,"Saly Portudal,
                                                                                Thiès",16 500 000 F Cfa,https://i.roamcdn.net/hz/ed/listing-thumb-224w/fc0f7ee23a071f8aa09d0933ce2102c8/-/horizon-files-prod/ed/picture/qj46609w/d61bb92477a452da8f94da8f3839f33222870661.png
Venant,Piaggio,2017,"Mermoz,
                                                                                Dakar",325 000 F Cfa,https://i.roamcdn.net/hz/ed/listing-thumb-224w/44de501f826dc33d9dda6fd620d47cbd/-/horizon-files-prod/ed/picture/q0gkwzkx/40eb7341ea20dd7f6371be3c64ab1646eb4cd484.jpg
Neuf,Yamaha,2012,"Almadies,
                                                                                Dakar",2 800 000 F Cfa,https://i.roamcdn.net/hz/ed/listing-thumb-224w/087fee87c116de136153782878ec55e2/-/horizon-files-prod/ed/picture/qkr77njv/c44f4c624e23b490f32ee2b03037cc70e21b542f.jpg
D'occasion,Honda,2017,"Mbour,
                                                                                Thiès",2 000 000 F Cfa,https://i.roamcdn.net/hz/ed/listing-thumb-224w/43da56746bcf8ccf556edbfa7c2ccbd4/-/horizon-files-prod/ed/picture/qj464z74/d5da0d6fbc2dc5fa79cff50c1462063626123abb.jpg
Venant,BMW,2015,"Hann maristes,
                                                                                Dakar",3 000 000 F Cfa,https://i.roamcdn.net/hz/ed/listing-thumb-224w/ffb2260bc911bd33743ef3da03a05aa1/-/horizon-files-prod/ed/picture/qwerp72k/1ae2194ad998b3f6f14289ee3c9f49890c29cda3.jpg
Venant,BMW,2017,"Hann maristes,
                                                                                Dakar",3 300 000 F Cfa,https://i.roamcdn.net/hz/ed/listing-thumb-224w/99d07d92c1ba94118e79ae452d816a72/-/horizon-files-prod/ed/picture/qde99zq4/8fc6e090e9a92aa5047a9eb37cc30ed0ed24c822.jpg
D'occasion,Honda,2016,"Yoff,
                                                                                Dakar",1 000 000 F Cfa,https://i.roamcdn.net/hz/ed/listing-thumb-224w/b673b570aa0a8ab4f7ea2a79b12a6508/-/horizon-files-prod/ed/picture/qzv8857g/05168e70b4a64c4b5f3c9859802b4dc6426338bd.jpg
D'occasion,Honda,2016,"Yoff,
                                                                                Dakar",1 000 000 F Cfa,https://i.roamcdn.net/hz/ed/listing-thumb-224w/2f7680aac0cca879db8f5fab5f80ea02/-/horizon-files-prod/ed/picture/qrzrr4g5/72504951afff7e4b643c64f1397fccb62a01b9ed.jpg
Venant,BMW,2011,"Golf,
                                                                                Dakar",2 400 000 F Cfa,https://i.roamcdn.net/hz/ed/listing-thumb-224w/96da6ce7b1be0cb787097e3a08259f4b/-/horizon-files-prod/ed/picture/qrzrr4pg/8b076f980e74323f32ca302226b1670b2e63c2df.jpg
Venant,Piaggio,2008,"Hann maristes,
                                                                                Dakar",670 000 F Cfa,https://i.roamcdn.net/hz/ed/listing-thumb-224w/2befeb75e54036603bce2335b8b59d78/-/horizon-files-prod/ed/picture/q8v47qgn/5e0dd2c2ffb6cced05a221e245e114e08ec9ea23.jpg
Venant,Yamaha,2007,"Djily mbaye,
                                                                                Dakar",575 000 F Cfa,https://i.roamcdn.net/hz/ed/listing-thumb-224w/e32088f5872038c21ebb7a7c7a5ffa9d/-/horizon-files-prod/ed/picture/qm500gkg/df7a08332d969227338d09dc33b68514f720b07f.jpg
Venant,Yamaha,2022,"Fann Hock,
                                                                                Dakar",4 250 000 F Cfa,https://i.roamcdn.net/hz/ed/listing-thumb-224w/d5fc7e35f8d5008b75a875864348ceb3/-/horizon-files-prod/ed/picture/qpdg6kjx/c979a170aa2563271563d64a0d62eb34adb8a83a.jpg
Venant,Yamaha,2024,"Fann Hock,
                                                                                Dakar",4 550 000 F Cfa,https://i.roamcdn.net/hz/ed/listing-thumb-224w/144c90c17f34f9bf21deda482cb02e1b/-/horizon-files-prod/ed/picture/qpdggpdj/d8b32b2ab1c673bdcbcf91c43398649365b33d7c.jpg
Venant,KTM,2022,"Fann Hock,
                                                                                Dakar",2 865 000 F Cfa,https://i.roamcdn.net/hz/ed/listing-thumb-224w/c08f8118aa3e24f9f3f8b4742ab44eb8/-/horizon-files-prod/ed/picture/qngpkexm/9d3ff24db94a89ac1400a50a32e9742984861186.jpg
Venant,BMW,2020,"Fann Hock,
                                                                                Dakar",6 980 000 F Cfa,https://i.roamcdn.net/hz/ed/listing-thumb-224w/c70b18418fc2d11da192f586b04d4d98/-/horizon-files-prod/ed/picture/q78wee7q/928a61ac47a2bd3bec755c53dfa2707c9bd0e152.jpg
Venant,Piaggio,2021,"Fann Hock,
                                                                                Dakar",897 000 F Cfa,https://i.roamcdn.net/hz/ed/listing-thumb-224w/9e4fc9250e92852cc020c045dee3717a/-/horizon-files-prod/ed/picture/qxjpnv22/d1554d00d00905523a58968d98c9866b116576d5.jpg
Venant,Piaggio,2020,"Fann Hock,
                                                                                Dakar",897 000 F Cfa,https://i.roamcdn.net/hz/ed/listing-thumb-224w/f7e6ed4d9cc84ab756f8b9c94f58b22c/-/horizon-files-prod/ed/picture/qpdm5e6j/537eabdf9416ddc0cacab3602a38fb9870c715c6.jpg
Venant,SYM,2023,"Fann Hock,
                                                                                Dakar",2 890 000 F Cfa,https://i.roamcdn.net/hz/ed/listing-thumb-224w/9c68faac307756ac8345491024824c87/-/horizon-files-prod/ed/picture/q78wek4m/89d752b81b5abd48a076c22b7ac0555154508ae6.jpg
Venant,BMW,2020,"Dieuppeul,
                                                                                Dakar",3 500 000 F Cfa,https://i.roamcdn.net/hz/ed/listing-thumb-224w/45cffa419b593362b7e86755584289d6/-/horizon-files-prod/ed/picture/q9mkkg07/b29b1d206559b33318b66da790ea904aed1c0dc7.jpg
Venant,BMW,2023,"Dieuppeul,
                                                                                Dakar",3 900 000 F Cfa,https://i.roamcdn.net/hz/ed/listing-thumb-224w/0fc0ac451152fe54c9e68cae3f4f6a97/-/horizon-files-prod/ed/picture/q56p68j7/80312b963b6523442fcd8ab540c5ce54369e69e8.jpg
Venant,Piaggio,2023,"Hann maristes,
                                                                                Dakar",2 400 000 F Cfa,https://i.roamcdn.net/hz/ed/listing-thumb-224w/d42cf7b66128b8b073c407e344d42252/-/horizon-files-prod/ed/picture/q6xqqr7d/1af404658dd3afc0a7f96c002b67b1ca3127dd23.jpg
Venant,Hero Honda,2016,"Sicap Liberté,
                                                                                Dakar",1 150 000 F Cfa,https://i.roamcdn.net/hz/ed/listing-thumb-224w/be8fdda61629f6cd6edfd0af11b0e84c/-/horizon-files-prod/ed/picture/qkr77gxm/d5c66feaf854ad0a69ed2de66cb1a2635aeb5a6d.jpg
Venant,Honda,2018,"Fass,
                                                                                Dakar",1 250 000 F Cfa,https://i.roamcdn.net/hz/ed/listing-thumb-224w/79f7c892cca28ce95b9e20e9d20b6276/-/horizon-files-prod/ed/picture/qm50gx0r/fcb3705c5ec775d70448298f41e83235ca1d5d30.jpg
Venant,Honda,2021,"Plateau,
                                                                                Dakar",600 000 F Cfa,https://i.roamcdn.net/hz/ed/listing-thumb-224w/079f8f569932ad5a2bae5e99d0d05c99/-/horizon-files-prod/ed/picture/q78jwzvd/fb898ffbd6fcb02879dbad0f1ea9e033d2043ab3.jpg
Venant,Honda,2024,"Hann maristes,
                                                                                Dakar",1 600 000 F Cfa,https://i.roamcdn.net/hz/ed/listing-thumb-224w/7c9528c79cd3440ed361febdd746532b/-/horizon-files-prod/ed/picture/qq4z2e76/9e4e464859b9ef8d8f7cf42a75b1abf980f35d31.jpg
Neuf,Yamaha,2023,"Liberte 6 extension,
                                                                                Dakar",1 850 000 F Cfa,https://i.roamcdn.net/hz/ed/listing-thumb-224w/4ed916b645050c253856ed00138b7013/-/horizon-files-prod/ed/picture/qrzr8x5j/95dd23ca969c01acc3c736745f33e5343ed964ef.jpg
Neuf,Autre,2025,"Virage,
                                                                                Dakar",849 000 F Cfa,https://i.roamcdn.net/hz/ed/listing-thumb-224w/df3c3691094d10635091806f9923a5d4/-/horizon-files-prod/ed/picture/q9mkj2ww/9a5c5a29dfa544dc9d3c631faf40cd506ad5ac8c.jpg
Venant,Kawasaki,2004,"Avenue Bourguiba,
                                                                                Dakar",1 900 000 F Cfa,https://i.roamcdn.net/hz/ed/listing-thumb-224w/0a687dbce60d4ef34ccc1f594ef572cf/-/horizon-files-prod/ed/picture/q8vm42vx/883b9c4ef538e1103012235201d1a0a63d018641.jpg
D'occasion,Piaggio,2018,"Plateau,
                                                                                Dakar",225 000 F Cfa,https://i.roamcdn.net/hz/ed/listing-thumb-224w/da987a1dfe6d41a90ba83e22005064f8/-/horizon-files-prod/ed/picture/q56pdz86/811828d2323af2bbd2f6b14e834d26de23aabe58.jpg
D'occasion,Yamaha,2024,"Dalifort,
                                                                                Dakar",1 350 000 F Cfa,https://i.roamcdn.net/hz/ed/listing-thumb-224w/2fc11b5bc0d896b7393f03f7e4d8478c/-/horizon-files-prod/ed/picture/q6xqdmrp/88fe6037f0a60d009fd4f03300340fcf54d4f473.jpg
Venant,BMW,2011,"Golf,
                                                                                Dakar",2 600 000 F Cfa,https://i.roamcdn.net/hz/ed/listing-thumb-224w/264fc3387c64029e022a8c6d9c7f74ab/-/horizon-files-prod/ed/picture/q0gk7zwd/7de57fd7ca14d71eb90c6379fb1b7cb43f7d5fe5.jpg
D'occasion,Peugeot,2012,"Ouakam,
                                                                                Dakar",3 600 000 F Cfa,https://i.roamcdn.net/hz/ed/listing-thumb-224w/350c8a5426f83182a9537b4104fd79eb/-/horizon-files-prod/ed/picture/q78jw9zj/59abca9ad037ca54ce11076ecce9cb2b44f0eb2c.jpg
Venant,Yamaha,2020,"Patte d‘oie,
                                                                                Dakar",800 000 F Cfa,https://i.roamcdn.net/hz/ed/listing-thumb-224w/4f80086fb62ff9f9d9e49cd4539e2337/-/horizon-files-prod/ed/picture/q9mkjgj0/b698834b671608101321fff53847b851ae939dcc.jpg
D'occasion,BMW,2020,"Sicap Liberté,
                                                                                Dakar",2 500 000 F Cfa,https://i.roamcdn.net/hz/ed/listing-thumb-224w/df55da9d194cecfd6a07d9b0e0e8127c/-/horizon-files-prod/ed/picture/qj4qw9wd/2155e8ad169a9fb5d4e7c35e2c45773e59870b1a.jpg
Venant,BMW,2024,"Pikine,
                                                                                Dakar",28 F Cfa,https://i.roamcdn.net/hz/ed/listing-thumb-224w/d923aab6c4afefab6c4c36cedf7bb64b/-/horizon-files-prod/ed/picture/qv4dwk4w/6426ad4f51029f30bcd123c27f34aff9225fa629.jpg
Venant,Yamaha,2020,"Liberte 6 extension,
                                                                                Dakar",2 600 000 F Cfa,https://i.roamcdn.net/hz/ed/listing-thumb-224w/b8caf8fafdfacb2257e4e56155505429/-/horizon-files-prod/ed/picture/qm50g672/09a8826fe957f973721f992c9979b24cac43b337.jpg
D'occasion,Autre,2012,"Dieuppeul,
                                                                                Dakar",1 500 000 F Cfa,https://i.roamcdn.net/hz/ed/listing-thumb-224w/308ebcd7685169a7863af058985637e1/-/horizon-files-prod/ed/picture/q445n0r2/862747799f412f68489124e2068158c139fe81de.jpg
D'occasion,Honda,2008,"Hann maristes,
                                                                                Dakar",350 000 F Cfa,https://i.roamcdn.net/hz/ed/listing-thumb-224w/cc9133713ac63f5296942171d8aeb8b2/-/horizon-files-prod/ed/picture/qrzr8vdm/5bdd9a9e7f24457935c5f94d7c6171d7594d85e9.jpg
Neuf,Yamaha,2024,"Liberte 6 extension,
                                                                                Dakar",6 000 000 F Cfa,https://i.roamcdn.net/hz/ed/listing-thumb-224w/ee3bdc3c2060a19fd0a86923abe35ba0/-/horizon-files-prod/ed/picture/q6xqdx56/03aff0eb480a27669b54abfca044ee3f9ea1005f.jpg
D'occasion,Eco Vehicles,2024,"Plateau,
                                                                                Dakar",450 000 F Cfa,https://i.roamcdn.net/hz/ed/listing-thumb-224w/29326cbde1bcf1b7c0fd53cc795401e0/-/horizon-files-prod/ed/picture/qxj8pd74/fde0b2e0d501df8a10b37be5ab8baac3cad1645c.jpg
Neuf,Yamaha,2025,"Liberte 6 extension,
                                                                                Dakar",1 850 000 F Cfa,https://i.roamcdn.net/hz/ed/listing-thumb-224w/66d9c3a88103a5376281baaaddf3ee67/-/horizon-files-prod/ed/picture/qv4dpemk/03dfcd1426755f3e0f79154728ea67edb22c9794.jpg
Venant,Yamaha,2025,"Liberte 6 extension,
                                                                                Dakar",800 000 F Cfa,https://i.roamcdn.net/hz/ed/listing-thumb-224w/346ce0393a71cebb9442fa3e022ebc0e/-/horizon-files-prod/ed/picture/qgqm9vjk/8fcb40de0e0129a1c94f933f3929f86a6dee6b1b.jpg
Neuf,Autre,2025,"Sicap Liberté,
                                                                                Dakar",1 350 000 F Cfa,https://i.roamcdn.net/hz/ed/listing-thumb-224w/0fd5da129e96f01261fcf73dc08a855b/-/horizon-files-prod/ed/picture/q0gkwqgz/92c09420246acbe2b8993b95c1a98b4b51485306.jpg
Neuf,Lifan,2024,"Sicap Liberté,
                                                                                Dakar",1 F Cfa,https://i.roamcdn.net/hz/ed/listing-thumb-224w/bdb530ee40e00e73eb8449ee939a5c11/-/horizon-files-prod/ed/picture/q448ej78/cf8b42b55d405814f16003e97961e1f3798c2419.jpg
Venant,Honda,2019,"Fass,
                                                                                Dakar",750 000 F Cfa,https://i.roamcdn.net/hz/ed/listing-thumb-224w/c3fe68576b8b69b4ff22e818272e32df/-/horizon-files-prod/ed/picture/q2jkqxj6/c83c57ad89710a207072cf6abb4150e28394678b.jpg
Venant,Piaggio,2020,"Médina,
                                                                                Dakar",1 400 000 F Cfa,https://i.roamcdn.net/hz/ed/listing-thumb-224w/630526aa3dc1580e4081c6f4149ad065/-/horizon-files-prod/ed/picture/q9mk9v8j/d782305ea60429fb09dd0c5520907df254768381.jpg
Venant,Polaris,2016,"Saly Portudal,
                                                                                Thiès",5 980 000 F Cfa,https://i.roamcdn.net/hz/ed/listing-thumb-224w/00cec47bfb9bbea85ad897e7d0b5b9b7/-/horizon-files-prod/ed/picture/qngpmg0r/f298aac38741b8ac98942f2d05327db0f7239ed6.jpg
D'occasion,Piaggio,2014,"Biscuiterie,
                                                                                Dakar",340 000 F Cfa,https://i.roamcdn.net/hz/ed/listing-thumb-224w/876368a8cb1503abf5621442231ae4e9/-/horizon-files-prod/ed/picture/qgqm977e/48c7e08e28e9c2b31869274fbbdec3b703aa7b36.jpg
Neuf,Honda,2023,"Sacré-cœur,
                                                                                Dakar",3 750 000 F Cfa,https://i.roamcdn.net/hz/ed/listing-thumb-224w/8a3ffd07c8e72ac8455c9f86bd9cd895/-/horizon-files-prod/ed/picture/qgqw8m7n/4a558b63dcb97f642f604da3cc1f672aaaff2bd3.jpg
Venant,Autre,2024,"Ouakam,
                                                                                Dakar",2 990 000 F Cfa,https://i.roamcdn.net/hz/ed/listing-thumb-224w/4b616ab6222077e30b2975e13e08bdfe/-/horizon-files-prod/ed/picture/qq428k9e/c3d9327c26df1e90ea2cfa536dadf47cc7ad2a35.jpg
D'occasion,Vespa,2019,"Fann,
                                                                                Dakar",500 000 F Cfa,https://i.roamcdn.net/hz/ed/listing-thumb-224w/ee5840405f61c2f7b5b781ecb8c9e929/-/horizon-files-prod/ed/picture/qv4deqem/3f4ee0ea47c9abee8f3a9525eb2d7c0d826f4af0.jpg
D'occasion,Honda,2022,"Fann Hock,
                                                                                Dakar",900 000 F Cfa,https://i.roamcdn.net/hz/ed/listing-thumb-224w/053636646cc95a16395719f9c52ccae2/-/horizon-files-prod/ed/picture/qm50pd42/481b581a042c64113abbf206f5723e19b42a2868.jpg
D'occasion,Yamaha,2019,"Almadies,
                                                                                Dakar",750 000 F Cfa,https://i.roamcdn.net/hz/ed/listing-thumb-224w/591ccf2d62be364e787618c157157106/-/horizon-files-prod/ed/picture/qpdg62qp/23e09f504ebd26229de8b4eead17464958bfac5b.jpg
Venant,Honda,2020,"Dieuppeul,
                                                                                Dakar",580 000 F Cfa,https://i.roamcdn.net/hz/ed/listing-thumb-224w/92f726b2e08c0055791f4d4915e5b865/-/horizon-files-prod/ed/picture/q6xqkz2p/a64da0afd5af2d41438ae45b2ac4d13e54799cd3.jpg
Venant,Honda,2022,"Golf,
                                                                                Dakar",3 850 000 F Cfa,https://i.roamcdn.net/hz/ed/listing-thumb-224w/c0c2a9a593608caa81ce28b0613d7870/-/horizon-files-prod/ed/picture/qxj82k44/c5ea03f020ad9fadc6813e5b142a7d3a0f666cac.jpg
Venant,BMW,2020,"Golf,
                                                                                Dakar",4 700 000 F Cfa,https://i.roamcdn.net/hz/ed/listing-thumb-224w/a928c3b11f5c386e39ba14fe5d56c822/-/horizon-files-prod/ed/picture/qq4z75pe/798321606c0173b3f04bd0fbbeb321fa2eb8108a.jpg
Venant,Yamaha,2015,"Liberte 6 extension,
                                                                                Dakar",875 000 F Cfa,https://i.roamcdn.net/hz/ed/listing-thumb-224w/131b6a14ace938de3fe7ce7a9c7551e2/-/horizon-files-prod/ed/picture/qj46rp0r/8c860cabf1e75cc99cd7e0afac457117d0c427ce.jpg
Neuf,Autre,2024,"Almadies 2,
                                                                                Dakar",350 000 F Cfa,https://i.roamcdn.net/hz/ed/listing-thumb-224w/ef4199e4d923f22d3add65c2abfa3f51/-/horizon-files-prod/ed/picture/qxj8jq7q/79d654c0a632ada55eddc6b60cf4097c07c0c3b3.jpg
D'occasion,BMW,2019,"Hann Bel-Air,
                                                                                Dakar",1 800 000 F Cfa,https://i.roamcdn.net/hz/ed/listing-thumb-224w/673d0a6bbfd902f922296e165511d9b8/-/horizon-files-prod/ed/picture/qgqmgvg9/ec318e29c90a3ae8a4ef11b35005f07ebe87a2f9.jpg
D'occasion,Honda,2022,"Zac Mbao,
                                                                                Dakar",3 500 000 F Cfa,https://i.roamcdn.net/hz/ed/listing-thumb-224w/9e7b7f4ea45b050af95a1bb226446fff/-/horizon-files-prod/ed/picture/qq4z4r47/f68ee72bd0c1615c00c0f27b9827969205fe634a.jpg
Venant,Yamaha,2021,"Parcelles Assainies,
                                                                                Dakar",2 800 000 F Cfa,https://i.roamcdn.net/hz/ed/listing-thumb-224w/9243cdef3855dd12f2cea6aab883bad6/-/horizon-files-prod/ed/picture/qkr75j2j/8df739b4e6fd79419d51330bbb8a973aa56f7224.jpg
D'occasion,BMW,2023,"Ndiakhirate,
                                                                                Dakar",4 000 000 F Cfa,https://i.roamcdn.net/hz/ed/listing-thumb-224w/7491fdf463f50e4d9e650cbd6babfbfe/-/horizon-files-prod/ed/picture/qxj86rqm/a747b38697d58bdd5583063ae777562be90dc30b.jpg
Neuf,Yamaha,2023,"Plateau,
                                                                                Dakar",4 000 000 F Cfa,https://i.roamcdn.net/hz/ed/listing-thumb-224w/8ae227108439cf00addf92635fbfa971/-/horizon-files-prod/ed/picture/q78wjn5e/6aa7d45327513e407c74648c2d134f3224996b9c.jpg
Neuf,Autre,2024,"Ouakam,
                                                                                Dakar",450 000 F Cfa,https://i.roamcdn.net/hz/ed/listing-thumb-224w/b7abd68c8a91ae83807e0aea3ffcfa23/-/horizon-files-prod/ed/picture/qenq2j2j/8c2fe225bd22c88cb76eae43227893c20d7b78a1.jpg
D'occasion,Kymco,2010,"Biscuiterie,
                                                                                Dakar",350 000 F Cfa,https://i.roamcdn.net/hz/ed/listing-thumb-224w/601e6f4b8fbbbde8f025e42c64e865be/-/horizon-files-prod/ed/picture/qxj8675w/5cd6413a666a3423ca51484ad990498c21dbe084.jpg
Venant,Suzuki,2008,"Tivaouane peulh,
                                                                                Dakar",2 200 000 F Cfa,https://i.roamcdn.net/hz/ed/listing-thumb-224w/5321b130f5aa85887cfeadb7ca84c8ce/-/horizon-files-prod/ed/picture/q9mk8x9p/54e1a1411afd7b72a112410793935a3436ea0d02.jpg
Venant,Honda,2000,"Dieuppeul,
                                                                                Dakar",600 000 F Cfa,https://i.roamcdn.net/hz/ed/listing-thumb-224w/4cb2b978949e4d37b9df14fe09d5cfa5/-/horizon-files-prod/ed/picture/qenv46q6/48c75d49cc18a3d59fe38a17a5410bef3f7755b1.jpg
D'occasion,Kawasaki,2005,"Mamelles,
                                                                                Dakar",1 600 F Cfa,https://i.roamcdn.net/hz/ed/listing-thumb-224w/febc19f763362b9e287a0f7e74612efe/-/horizon-files-prod/ed/picture/q2jkr5m6/691e5075a3ba29679dd77e665799afb5b2155371.jpg
Neuf,Yamaha,2010,"Liberte 6 extension,
                                                                                Dakar",1 650 000 F Cfa,https://i.roamcdn.net/hz/ed/listing-thumb-224w/63518bd51fe785c3108b96e29724983d/-/horizon-files-prod/ed/picture/qj46j2dr/be57e7b81df0183d5c544ae7fc47cb7f74c72d3b.jpg
Neuf,Lifan,2025,"Sicap Liberté,
                                                                                Dakar",1 F Cfa,https://i.roamcdn.net/hz/ed/listing-thumb-224w/215178b4592e6a8b55ff1f60e4510033/-/horizon-files-prod/ed/picture/qkr752m2/6ff5592388950e82a9a56c17e42a7f396b31efe0.jpg
D'occasion,Monto Motors,2017,"VDN,
                                                                                Dakar",5 500 000 F Cfa,https://i.roamcdn.net/hz/ed/listing-thumb-224w/af081cb477a89fa433b57d2738c4832a/-/horizon-files-prod/ed/picture/q44nvm82/b89a2727ab5f6f082998e0af341d6b2694a2b046.jpg
D'occasion,CF Moto,2023,"Saly Portudal,
                                                                                Thiès",3 500 000 F Cfa,https://i.roamcdn.net/hz/ed/listing-thumb-224w/b9450f0109c89f3b47335d907a947549/-/horizon-files-prod/ed/picture/q9mk8g97/0f92120d7b5fcc6beb5e34dece215468846a1702.jpg
D'occasion,Yamaha,2012,"Cité Damel,
                                                                                Dakar",650 000 F Cfa,https://i.roamcdn.net/hz/ed/listing-thumb-224w/e5889e1ae61f656d76dd5ade800a4c00/-/horizon-files-prod/ed/picture/qv4dpe85/c395df093d36737cf0cc52e591158f85df2a7aeb.jpg
Venant,Polaris,2014,"Mbour,
                                                                                Thiès",5 300 000 F Cfa,https://i.roamcdn.net/hz/ed/listing-thumb-224w/78ab68a1ea4bd269b90e5800ae3f7f77/-/horizon-files-prod/ed/picture/q6xq6dgj/1abc703e6d5b98d1d1db73b3b754f0541c5dba8a.jpg
Venant,Honda,2017,"Dieuppeul,
                                                                                Dakar",3 200 F Cfa,https://i.roamcdn.net/hz/ed/listing-thumb-224w/b6228211b7963625adfc36a6167147f2/-/horizon-files-prod/ed/picture/q0gk2g5x/9ee413a1a54c26156a7c3af3d913ab8e2a1c39fc.jpg
Neuf,Autre,2026,"Mbour,
                                                                                Thiès",1 600 000 F Cfa,https://i.roamcdn.net/hz/ed/listing-thumb-224w/1ced6f6f813cd13047fd83f4dad02085/-/horizon-files-prod/ed/picture/qm50rm2j/52d48be0459640ef9bf2c32c3f4794952d4ae0c9.jpg
Neuf,Vespa,2010,"Djidah thiaroye kaw,
                                                                                Dakar",350 000 F Cfa,https://i.roamcdn.net/hz/ed/listing-thumb-224w/3a81e6eff57da2bd77485ae0af51570c/-/horizon-files-prod/ed/picture/qrzrzd55/3228bba0103fddaa58d93e2035b45f722a4550b5.jpg
Venant,Yamaha,2006,"Saly Portudal,
                                                                                Thiès",3 500 000 F Cfa,https://i.roamcdn.net/hz/ed/listing-thumb-224w/cac5a2b0257ab210d975bc96345d7fbe/-/horizon-files-prod/ed/picture/qwerevxk/ca344542f11a92abcaca4b087cad55a83832522e.jpg
Neuf,Piaggio,2016,"Sicap Sacré-cœur,
                                                                                Dakar",350 000 F Cfa,https://i.roamcdn.net/hz/ed/listing-thumb-224w/4a129b109e8f79a47f35c431914c9cce/-/horizon-files-prod/ed/picture/q0gkgqg8/98c26e52e264e6cdcc600fbf19b4c18c994c5232.jpg
Venant,CF Moto,2020,"Mbour,
                                                                                Thiès",3 800 000 F Cfa,https://i.roamcdn.net/hz/ed/listing-thumb-224w/d08b04c6acd04681cae4b46319f69fe6/-/horizon-files-prod/ed/picture/q78j8ed5/aaf6ff7f67c6bbed0c464f0e5cf0d02c474a7d6e.jpg
Neuf,Autre,2000,"Grand-Dakar,
                                                                                Dakar",13 500 F Cfa,https://i.roamcdn.net/hz/ed/listing-thumb-224w/a0fa661aadb325ea28a95275565d98e5/-/horizon-files-prod/ed/picture/q8vzx6zj/910f1bdc8e0aa0ae3f94a363a1ee52949966d6b9.png
Réconditionné,Yamaha,2021,"Grand-Yoff,
                                                                                Dakar",300 000 F Cfa,https://i.roamcdn.net/hz/ed/listing-thumb-224w/225da34639610edb91fb1f9227f68d3a/-/horizon-files-prod/ed/picture/qkr7reqp/a1f5c52204e201f763c830aac4d233ba0aac8aaa.jpg
Venant,Honda,2016,"Dieuppeul,
                                                                                Dakar",1 300 000 F Cfa,https://i.roamcdn.net/hz/ed/listing-thumb-224w/6834cf13aee5766ecc6c515bc6abfda4/-/horizon-files-prod/ed/picture/qgqmq6xk/61f85288ff913832977017054860553d0d04716d.jpg
Venant,Honda,2022,"Dieuppeul,
                                                                                Dakar",1 700 000 F Cfa,https://i.roamcdn.net/hz/ed/listing-thumb-224w/9121e429527628acf4059742c836dad7/-/horizon-files-prod/ed/picture/qrzrzxeg/9e1d339dab210a0b4de0c3de1ff2c66c25676434.jpg
Neuf,Rieju,2025,"Ouakam,
                                                                                Dakar",,https://i.roamcdn.net/hz/ed/listing-thumb-224w/b1c86a3cb45cce8161ce76c0db1eab0b/-/horizon-files-prod/ed/picture/qgqmq6j0/a6f6862a115a721098afc39f91c0dfd6f23d6eb5.jpg
Venant,Kawasaki,2017,"Dieuppeul,
                                                                                Dakar",1 900 000 F Cfa,https://i.roamcdn.net/hz/ed/listing-thumb-224w/1f55c753b96f116b80f4ff377b08609f/-/horizon-files-prod/ed/picture/qwere6wp/a462d022ed8bb226ef249b53033cdb212a4c0651.jpg
Venant,Aprilia,2023,"Almadies 2,
                                                                                Dakar",3 000 000 F Cfa,https://i.roamcdn.net/hz/ed/listing-thumb-224w/d73b208bff2b37d7ef463475db0950eb/-/horizon-files-prod/ed/picture/qgqmq7v9/9dd5537fea156dd5b23eedf5eaaf10328da67912.jpg
D'occasion,Autre,2010,"Saly Portudal,
                                                                                Thiès",1 900 000 F Cfa,https://i.roamcdn.net/hz/ed/listing-thumb-224w/c50bb1546206d60288a4c7e0bdb35296/-/horizon-files-prod/ed/picture/qwermj95/e67c1b3e54f06ce74f78461a805482a33490734b.jpg
Venant,Kymco,2023,"Hann maristes,
                                                                                Dakar",850 000 F Cfa,https://i.roamcdn.net/hz/ed/listing-thumb-224w/cc753c0f732061194123c69cfe421104/-/horizon-files-prod/ed/picture/qwerex75/ccfcde9ed81b5648c1f8974913a614090971e5dc.jpg
Venant,Honda,2022,"Hann maristes,
                                                                                Dakar",825 000 F Cfa,https://i.roamcdn.net/hz/ed/listing-thumb-224w/585d3cbd9eec8d8c05764a9a980b2270/-/horizon-files-prod/ed/picture/q56p6q8e/bc0a0f4b1fb30e132bbd223658ad829e5637ea3c.jpg
Neuf,Lifan,2025,"Castor,
                                                                                Dakar",1 F Cfa,https://i.roamcdn.net/hz/ed/listing-thumb-224w/c073187e7c0b2b830ccf4da854e0a4bd/-/horizon-files-prod/ed/picture/qng9g8zv/791ef1acdd09cb51b48455fead712a5095530e0b.jpg
Venant,BMW,2023,"Dieuppeul,
                                                                                Dakar",4 500 000 F Cfa,https://i.roamcdn.net/hz/ed/listing-thumb-224w/5937cc618d536ac1d723ab9c3b6beac4/-/horizon-files-prod/ed/picture/qj4647ke/6b56703c7e0ff3d1ca0f823a0ba228d531f32cc5.jpg
Venant,BMW,2024,"Médina,
                                                                                Dakar",6 250 000 F Cfa,https://i.roamcdn.net/hz/ed/listing-thumb-224w/de4886b8c88df7090bc48d7b7b55a989/-/horizon-files-prod/ed/picture/qpdgdqev/62db567e04887e3aa3ca510056c1b1a95f08999b.jpg
Neuf,Yamaha,2025,"Liberte 6 extension,
                                                                                Dakar",1 150 000 F Cfa,https://i.roamcdn.net/hz/ed/listing-thumb-224w/11cc93d6bcc52ad0fe234e778d36280a/-/horizon-files-prod/ed/picture/q2jkjgvv/1764275ec746119a4b340d81e1db1a1a7b687d7b.jpg
D'occasion,TVS Motor,2021,"Ngor,
                                                                                Dakar",400 000 F Cfa,https://i.roamcdn.net/hz/ed/listing-thumb-224w/417be6486f1f5571c33ca540b3320781/-/horizon-files-prod/ed/picture/q56pwr4e/2d09beb9f77f889913a2f354ae9772bf377af94d.jpg
D'occasion,Honda,2014,"Hann maristes,
                                                                                Dakar",900 000 F Cfa,https://i.roamcdn.net/hz/ed/listing-thumb-224w/03bf37b239f76315191cb143c4797ab8/-/horizon-files-prod/ed/picture/qxj8jwkq/f93a039a730df5b6ad6c62eaebf311840df4da04.jpg
Neuf,Yamaha,2024,"Avenue Bourguiba,
                                                                                Dakar",2 900 000 F Cfa,https://i.roamcdn.net/hz/ed/listing-thumb-224w/1ad3c152b08106a91e7e15e7f2575302/-/horizon-files-prod/ed/picture/qkr846dz/c2888c20cc6d6e37b192e30bb2fb11e99407ca7a.jpg
D'occasion,Kawasaki,2021,"Oussouye,
                                                                                Ziguinchor",3 200 000 F Cfa,https://i.roamcdn.net/hz/ed/listing-thumb-224w/2c964e749956e3795989577f0f97b4a7/-/horizon-files-prod/ed/picture/q6xqx6kn/fed27e7f99bf586253ff496d65ba148c6e15f30e.jpg
D'occasion,Yamaha,2014,"Parcelles Assainies,
                                                                                Dakar",300 000 F Cfa,https://i.roamcdn.net/hz/ed/listing-thumb-224w/08944b848c7f72040644a7d6ae344181/-/horizon-files-prod/ed/picture/q4454d48/d89d0e8e76d31738f8aae057c53ddb2239af6845.jpg
Venant,KTM,2023,"Fann Hock,
                                                                                Dakar",2 875 000 F Cfa,https://i.roamcdn.net/hz/ed/listing-thumb-224w/d6d256c93608d11cd3c9b96f5e6442f0/-/horizon-files-prod/ed/picture/qng9g59g/9c1d3e110cd36fdbd7426b1581a29722aa4b38a8.jpg
Venant,SYM,2020,"Liberte 6,
                                                                                Dakar",750 000 F Cfa,https://i.roamcdn.net/hz/ed/listing-thumb-224w/39d38260e8b16c998f36c612c8b12da0/-/horizon-files-prod/ed/picture/qwerm6dj/15cc840545a0223834752682f26d0b447fc7ec70.jpg
Venant,Piaggio,2021,"Liberte 6,
                                                                                Dakar",800 000 F Cfa,https://i.roamcdn.net/hz/ed/listing-thumb-224w/77ba1ba39978c9505a97838669118a7b/-/horizon-files-prod/ed/picture/qv4dmjep/a3d045d07365250e3a93b715b6475f0b880828c2.jpg
Neuf,Kymco,2023,"Liberte 6,
                                                                                Dakar",900 000 F Cfa,https://i.roamcdn.net/hz/ed/listing-thumb-224w/eb6d25e9532c7eadbbdf05bb68fccafb/-/horizon-files-prod/ed/picture/qm50mwr9/3090d8fada88d0fe1709444f813726d138fb3ef3.jpg
Venant,Yamaha,2025,"Liberte 6 extension,
                                                                                Dakar",1 100 000 F Cfa,https://i.roamcdn.net/hz/ed/listing-thumb-224w/718233ced0e4110bdceae5b9c9d9284c/-/horizon-files-prod/ed/picture/q0gkppqj/7ad85b8eb1338c97a2019e8b9c4152db69181853.jpg
Neuf,Autre,1920,"Grand-Dakar,
                                                                                Dakar",18 500 F Cfa,https://i.roamcdn.net/hz/ed/listing-thumb-224w/42609bd174d635a703393e1ec7fb6fa7/-/horizon-files-prod/ed/picture/qrdkpj8/e1a89bca668421d2f38126279d22a249e71a3117.png
D'occasion,Yamaha,2016,"Grand-Dakar,
                                                                                Dakar",2 200 000 F Cfa,https://i.roamcdn.net/hz/ed/listing-thumb-224w/1f9f89946e3a923f07dcb9e66d8a547a/-/horizon-files-prod/ed/picture/q56pw856/963f5f9fe360f54c95c8e89fe622fcfc272db8b9.jpg
D'occasion,Piaggio,2008,"Ouest foire,
                                                                                Dakar",260 000 F Cfa,https://i.roamcdn.net/hz/ed/listing-thumb-224w/73b7b4288279cfc39000791cb3b34442/-/horizon-files-prod/ed/picture/qxj8dx8m/6a33f86c831e87c5757a9ecb9c9b7ce2ccba3a1c.jpg
Neuf,Autre,2025,"Grand-Dakar,
                                                                                Dakar",15 000 F Cfa,https://i.roamcdn.net/hz/ed/listing-thumb-224w/91961a02c305ea1f2bd908003dad21c5/-/horizon-files-prod/ed/picture/q0g7jdmg/ba7767c6e8e6ba0ff7a25f54b53072aeb9927ef8.jpg
D'occasion,Zhongyu,2024,"Mermoz,
                                                                                Dakar",400 000 F Cfa,https://i.roamcdn.net/hz/ed/listing-thumb-224w/9c81b50d781080cde3b898b8e608bec3/-/horizon-files-prod/ed/picture/qenrdxmk/00212aca6b3f4bdbeab84d720f2f8487f8e62904.jpg
D'occasion,Honda,2014,"Ouakam,
                                                                                Dakar",295 000 F Cfa,https://i.roamcdn.net/hz/ed/listing-thumb-224w/66e0ef5614a5abe378c6e0b01b53b836/-/horizon-files-prod/ed/picture/q8vm0k59/6dfea63da394facc12d7f6dcc3398339dd9125e5.jpg
D'occasion,Honda,2017,"Hlm,
                                                                                Dakar",1 500 000 F Cfa,https://i.roamcdn.net/hz/ed/listing-thumb-224w/86a40d624681c0b3c20bb8f51e0b53fe/-/horizon-files-prod/ed/picture/qpdmxz6m/0b6a14823b8eeb3484a05b57aa815bc510f5bb24.jpg
Neuf,Piaggio,2019,"Yoff,
                                                                                Dakar",1 100 000 F Cfa,https://i.roamcdn.net/hz/ed/listing-thumb-224w/83cda8b41a47cee475b69a505334623a/-/horizon-files-prod/ed/picture/qj4q7055/ba7f9c95d99a829f128db29b92f670d064ca9614.jpg
D'occasion,Honda,2024,"Dieuppeul,
                                                                                Dakar",280 000 F Cfa,https://i.roamcdn.net/hz/ed/listing-thumb-224w/f4b7ee9605c88e885908155a2b3a4912/-/horizon-files-prod/ed/picture/q445j4k5/dcb6a749e8a5052650ef9ef997637dfd08a064a1.jpg
D'occasion,Yamaha,2012,"Dalifort,
                                                                                Dakar",750 000 F Cfa,https://i.roamcdn.net/hz/ed/listing-thumb-224w/21e52105446566f52e1e8efe74ab2ef6/-/horizon-files-prod/ed/picture/qq4zq4qv/3f9599f972f5755ebe7970dea7f3981054bda12f.jpg
Neuf,Honda,2025,"Liberte 6 extension,
                                                                                Dakar",800 000 F Cfa,https://i.roamcdn.net/hz/ed/listing-thumb-224w/87ba379d0c7df4be63d963583efe0044/-/horizon-files-prod/ed/picture/qenvg6zj/4a100a1899519557e4b5191d13d3c339903c1bfc.jpg
Venant,Piaggio,1997,"Guediawaye,
                                                                                Dakar",650 F Cfa,https://i.roamcdn.net/hz/ed/listing-thumb-224w/65d50ba0c6f7604b21a627650bb1a414/-/horizon-files-prod/ed/picture/qpdmkzrr/e52fcd6afccb2542c1761b1da26b458f8f5dbe66.jpg
Venant,Yamaha,2017,"Pikine,
                                                                                Dakar",2 200 000 F Cfa,https://i.roamcdn.net/hz/ed/listing-thumb-224w/d45c5346b4f1c6de867f457afceac420/-/horizon-files-prod/ed/picture/qq42pdxv/2157f94b5773e311ce6a1a143797c171c60a9153.jpg
Neuf,BMW,2021,"Sacré-cœur,
                                                                                Dakar",3 700 000 F Cfa,https://i.roamcdn.net/hz/ed/listing-thumb-224w/e538217079ca69047be8cf98192b41da/-/horizon-files-prod/ed/picture/qenvn764/03517e43b0f3e59a96e11f1966cd6b38512e8d3d.jpg
Neuf,Honda,2020,"Liberte 6 extension,
                                                                                Dakar",1 550 000 F Cfa,https://i.roamcdn.net/hz/ed/listing-thumb-224w/63c4ddb0e14f1f86c203956d4da5f8e1/-/horizon-files-prod/ed/picture/q0g7mgpm/e29653e62d5736e488072d9504799dba56b92d03.jpg
Venant,Ducati,2021,"Hann maristes,
                                                                                Dakar",2 500 000 F Cfa,https://i.roamcdn.net/hz/ed/listing-thumb-224w/be364081780cb35e871a734e8ad2717f/-/horizon-files-prod/ed/picture/qm5gn79m/32cc521ef5e977214c3d45f67a10a088da070f7a.jpg
Neuf,Piaggio,2015,"Amitié,
                                                                                Dakar",1 500 000 F Cfa,https://i.roamcdn.net/hz/ed/listing-thumb-224w/92339be1ba1b415c83e26f80b1297c40/-/horizon-files-prod/ed/picture/qrz8gzv5/6cb4f5c3bd7330c1a4257254564e204c0f443877.jpg
Venant,Honda,2018,"Hann maristes,
                                                                                Dakar",2 500 000 F Cfa,https://i.roamcdn.net/hz/ed/listing-thumb-224w/809d29f139a239118acfa17adf42cdd0/-/horizon-files-prod/ed/picture/qj4q8v78/7c81cd168b45f98ac41e6f82174ee72c02572261.jpg
Venant,Honda,2024,"Liberte 6 extension,
                                                                                Dakar",2 250 000 F Cfa,https://i.roamcdn.net/hz/ed/listing-thumb-224w/431cf98460ccbc5ce3493deff8949293/-/horizon-files-prod/ed/picture/qenv0g2j/0952daa74f94463f1760d8b516abb512e37d1529.jpg
Neuf,Moto Morini,2022,"Colobane,
                                                                                Dakar",325 000 F Cfa,https://i.roamcdn.net/hz/ed/listing-thumb-224w/afa00f7c6328accad6428272dc661597/-/horizon-files-prod/ed/picture/qq42jj2p/18ed1c6017c0992432571f35caee6cd0a3b4b6c2.png
Neuf,Yamaha,2025,"Liberte 6 extension,
                                                                                Dakar",1 200 000 F Cfa,https://i.roamcdn.net/hz/ed/listing-thumb-224w/a36ea91e60e93b3a0773eb378a0452b2/-/horizon-files-prod/ed/picture/q8v46qkr/edafc73bc509659d2651f2364d24b44900a44cab.jpg
Neuf,Bajaj,2024,"Sicap Liberté,
                                                                                Dakar",1 F Cfa,https://i.roamcdn.net/hz/ed/listing-thumb-224w/4525f88b3b091c56a8483582e00de602/-/horizon-files-prod/ed/picture/qngp29k0/b3354618c602dd44779656f8684e0b454aa51097.jpg
Venant,Honda,2008,"Yoff,
                                                                                Dakar",300 000 F Cfa,https://i.roamcdn.net/hz/ed/listing-thumb-224w/601fa7994f2eb3894fca4fb33802f198/-/horizon-files-prod/ed/picture/qgq92rer/299dff3eca87597e57099f8cfaf7277810b7a37b.jpg
Neuf,,2025,"Castor,
                                                                                Dakar",1 F Cfa,https://i.roamcdn.net/hz/ed/listing-thumb-224w/ea7b8ec3b0ac42610581a41ce99861d6/-/horizon-files-prod/ed/picture/q6xd9qdg/0980d8319b369c0154b9731118dd04e6d78a1c82.jpg
Venant,BMW,2023,"Dieuppeul,
                                                                                Dakar",4 900 000 F Cfa,https://i.roamcdn.net/hz/ed/listing-thumb-224w/6c1da971a1b2355aeb54002a65264621/-/horizon-files-prod/ed/picture/qgqwe588/7b3ae52cc876d596a7a1e508c2b5f5be14aa7723.jpg
D'occasion,Polaris,2017,"Saly,
                                                                                Thiès",8 900 000 F Cfa,https://i.roamcdn.net/hz/ed/listing-thumb-224w/ea1ce40e851c61557b2d7b8376d12cb5/-/horizon-files-prod/ed/picture/q0g7452j/135ebae3a52df56f8774ed31caef6b404359064d.jpg
Neuf,Autre,2024,"Sicap Liberté,
                                                                                Dakar",1 F Cfa,https://i.roamcdn.net/hz/ed/listing-thumb-224w/5803b46977393e187c984faae000f329/-/horizon-files-prod/ed/picture/qq42x644/796a8fd1bd97eed3bbe698dc4704035124c0ab59.jpg
Neuf,Lifan,2024,"Castor,
                                                                                Dakar",1 F Cfa,https://i.roamcdn.net/hz/ed/listing-thumb-224w/d9b28fa55f9ae4db758600c466983f0c/-/horizon-files-prod/ed/picture/qv4e7558/e62337323745c2821d432d4ed8f96599f65682b4.jpg
Neuf,Honda,2020,"Sacré-cœur,
                                                                                Dakar",2 950 000 F Cfa,https://i.roamcdn.net/hz/ed/listing-thumb-224w/b668347f33ec4e71bc0852a201c556ea/-/horizon-files-prod/ed/picture/qzvpexwg/5edd241edf66b4cd3b9242cf23d8a08db45cdf81.jpg
Neuf,Autre,2024,"Fass,
                                                                                Kaolack",650 F Cfa,https://i.roamcdn.net/hz/ed/listing-thumb-224w/bef847a5042cdc9feea601bc760e323a/-/horizon-files-prod/ed/picture/q0g755md/4d77e150f2da0f6b1a8a9d6a5c26e8ea26a3de68.jpg
Neuf,Autre,2024,"Yoff,
                                                                                Dakar",1 F Cfa,https://i.roamcdn.net/hz/ed/listing-thumb-224w/8ec1b27c8042b025e3e7b8e1c0583f82/-/horizon-files-prod/ed/picture/qkrgwe7z/8e6e149d26d72ffe10565084f4abc9fce64613a1.jpg
Neuf,Zhongyu,2024,"Ouakam,
                                                                                Dakar",450 000 F Cfa,https://i.roamcdn.net/hz/ed/listing-thumb-224w/26b316e118ea6c00257abc1bf4182e5d/-/horizon-files-prod/ed/picture/q6xked4z/7e4d1b365dac9205f1d8e0f84c53e58579e4d5bf.jpg
Neuf,Lifan,2024,"Sicap Liberté,
                                                                                Dakar",1 350 000 F Cfa,https://i.roamcdn.net/hz/ed/listing-thumb-224w/995c781c5818eeb8da73e215f5788071/-/horizon-files-prod/ed/picture/qkr88488/5b1dd419440d6730def3b3adef0d2f065462d092.jpg
Venant,BMW,2023,"Dieuppeul,
                                                                                Dakar",5 900 000 F Cfa,https://i.roamcdn.net/hz/ed/listing-thumb-224w/b949ad67732db10adf13bc8c4a5a4d81/-/horizon-files-prod/ed/picture/q9mjrw95/f7f02ae52859c873ebdf427976982c1da2a7f418.jpg
Neuf,Autre,2024,"Ouakam,
                                                                                Dakar",350 000 F Cfa,https://i.roamcdn.net/hz/ed/listing-thumb-224w/818fc995401a1c505baf0e1d797d80ab/-/horizon-files-prod/ed/picture/qgq9zjdr/ba2a13c24dfa81eb512370c62224e6ef26bd490e.jpg
Neuf,Lifan,2024,"Sicap Liberté,
                                                                                Dakar",1 F Cfa,https://i.roamcdn.net/hz/ed/listing-thumb-224w/c7fb4badb7307de5e5ac6b2f1944d557/-/horizon-files-prod/ed/picture/qrz8rqgn/16ad98419af68281952b6fe7f6ef8064013b3b09.jpg
Neuf,Autre,2024,"Ouakam,
                                                                                Dakar",5 000 F Cfa,https://i.roamcdn.net/hz/ed/listing-thumb-224w/236f8c27dd9c977994415fdd38578870/-/horizon-files-prod/ed/picture/qwe2j5wd/6906b05a31018109c473109e07322d45e46604ed.jpg
Neuf,,2024,"Sicap Liberté,
                                                                                Dakar",1 000 000 F Cfa,https://i.roamcdn.net/hz/ed/listing-thumb-224w/4ab0c8d39f1dbc89b4f8344182f5abd3/-/horizon-files-prod/ed/picture/q56d4xkr/1c5a79f9fe75cd62de449c376f21a22a0417e28c.jpg
Neuf,Autre,2024,"Ouakam,
                                                                                Dakar",1 600 000 F Cfa,https://i.roamcdn.net/hz/ed/listing-thumb-224w/82ddad562771bc84994917cb0ea7016e/-/horizon-files-prod/ed/picture/qpdmd54q/9df0f9c972f7c1cf9a80ac50869009d5bb443acf.jpg
Neuf,Autre,2024,"Ouakam,
                                                                                Dakar",,https://i.roamcdn.net/hz/ed/listing-thumb-224w/54d0a61b3e16115cb545e09508cc846f/-/horizon-files-prod/ed/picture/q9mjm6dv/a7a5196ca4e1b30a5f987f79018fa1b9c8c53501.jpg
Neuf,Autre,2024,"Sicap Liberté,
                                                                                Dakar",1 F Cfa,https://i.roamcdn.net/hz/ed/listing-thumb-224w/8fc475eb670e87b7ec3405219dd45d1b/-/horizon-files-prod/ed/picture/q2j0jdw2/c07ce722bba1eee08a66204cb734f99cb0e82318.jpg
,,,"Sicap Liberté,
                                                                                Dakar",,https://i.roamcdn.net/hz/ed/listing-thumb-224w/006e38ada4e3ace879d339c64127f866/-/horizon-files-prod/ed/picture/q0g7gnqm/324ae6d945066025c131c53031529da894435a0a.jpg
Neuf,,2024,"Sicap Liberté,
                                                                                Dakar",1 F Cfa,https://i.roamcdn.net/hz/ed/listing-thumb-224w/d3fe18e5dfb96937f2b0f3dcb3e44372/-/horizon-files-prod/ed/picture/q6xdx62v/e76bf5307297bdbe8895f4a08ca2b551afb65e21.jpg
Neuf,Autre,2023,"Grand-Dakar,
                                                                                Dakar",8 500 F Cfa,https://i.roamcdn.net/hz/ed/listing-thumb-224w/1376048b54a34b5d46327ed939b5d181/-/horizon-files-prod/ed/picture/qxj64e9q/5e510ec074e015ad34c89937ef0be14ff48482ce.jpg
Neuf,,2024,"Castor,
                                                                                Dakar",1 F Cfa,https://i.roamcdn.net/hz/ed/listing-thumb-224w/872ca96f4affdf36d27c7ef2ca7ad1f0/-/horizon-files-prod/ed/picture/q6xk9v48/21cf8a7e668761337e8766f2fb995b5b27021ac7.jpg
,,,"Castor,
                                                                                Dakar",1 F Cfa,https://i.roamcdn.net/hz/ed/listing-thumb-224w/3ec5f5409394f88b5a3941eef646f5d5/-/horizon-files-prod/ed/picture/q6xkj9ev/fa19a88cd86967ac48bc1b3aad664d34777a9168.jpg
Neuf,Zhongyu,2024,"Ouakam,
                                                                                Dakar",,https://i.roamcdn.net/hz/ed/listing-thumb-224w/bf243a9317909804ec5c04d33150bf7c/-/horizon-files-prod/ed/picture/qngxvd70/7600b2e3f93d55b0a811bf06eaa7a9a5496b8789.jpg
Neuf,Autre,2023,"Mbour,
                                                                                Thiès",1 800 000 F Cfa,https://i.roamcdn.net/hz/ed/listing-thumb-224w/12d5e091c8319d7ed5ce32e775555bdc/-/horizon-files-prod/ed/picture/qzvdnnk8/30043caf95901c04592566638efc968f9827ecd7.jpg
Neuf,Lifan,2024,"Castor,
                                                                                Dakar",1 550 000 F Cfa,https://i.roamcdn.net/hz/ed/listing-thumb-224w/091c8a8b1611452b4fba7144a8d1b4d4/-/horizon-files-prod/ed/picture/q56x0860/ec5c2d30fadfd2d765529e99648f7238eef82a0d.jpg
Neuf,Zhongyu,2024,"Ouakam,
                                                                                Dakar",350 000 F Cfa,https://i.roamcdn.net/hz/ed/listing-thumb-224w/3b272fd68bd510da0fbb37955b1e794c/-/horizon-files-prod/ed/picture/qrzvprn4/90c9cd56a394713333665175a86b93bbfb1fbc22.jpg
Neuf,Zhongyu,2024,"Ouakam,
                                                                                Dakar",,https://i.roamcdn.net/hz/ed/listing-thumb-224w/88ff6a08e88f43f35933b7e6da951765/-/horizon-files-prod/ed/picture/q0gwek8j/52191b4aa83e7e354b9ec0375e7a8a40abd08840.jpg
Neuf,Lifan,2024,"Castor,
                                                                                Dakar",1 F Cfa,https://i.roamcdn.net/hz/ed/listing-thumb-224w/7925856756ae2436c608ca464458f241/-/horizon-files-prod/ed/picture/qdek8vv0/adf36d0eac772371fcb569b0043051c1e9f8f82f.jpg
Neuf,Autre,2024,"Castor,
                                                                                Dakar",2 500 F Cfa,https://i.roamcdn.net/hz/ed/listing-thumb-224w/f6e5f3717aa24b6b1499837f61f13360/-/horizon-files-prod/ed/picture/qgq9xnnq/bd9d37c70a3dc72e6022f9e75f17a6f86ada48c4.jpg
Neuf,TVS Motor,2024,"Castor,
                                                                                Dakar",800 000 F Cfa,https://i.roamcdn.net/hz/ed/listing-thumb-224w/3e4d02f21bd12ddf374b31b6ad83fc13/-/horizon-files-prod/ed/picture/qenqejn4/3c0647a81cb1fdd7042dbd0e30400c1288c56a59.jpg
Neuf,Lifan,2024,"Castor,
                                                                                Dakar",1 F Cfa,https://i.roamcdn.net/hz/ed/listing-thumb-224w/62d59417019c30d19bacebab5981d443/-/horizon-files-prod/ed/picture/qngxepeg/6e1f83c24e963cdf4fa6da4becbc846f3f482712.jpg
Neuf,Bajaj,2024,"Castor,
                                                                                Dakar",1 F Cfa,https://i.roamcdn.net/hz/ed/listing-thumb-224w/a58a18d22b79409ddc409482f6bd4748/-/horizon-files-prod/ed/picture/qwe272ng/64f08b5938ec1cd4740407467fe6b5cc5eff11f8.png
Neuf,Lifan,2024,"Castor,
                                                                                Dakar",1 F Cfa,https://i.roamcdn.net/hz/ed/listing-thumb-224w/13fc73d69cd3d951d38c594c8d02f617/-/horizon-files-prod/ed/picture/qngxex09/6f278f7064b69d65860d72d1c8c4f97b7edd555d.jpg
Neuf,Lifan,2024,"Castor,
                                                                                Dakar",1 F Cfa,https://i.roamcdn.net/hz/ed/listing-thumb-224w/abe1eef98989b09813f418bb81506549/-/horizon-files-prod/ed/picture/qenqkgk5/93a4a27d274c00760d7cbe57685ff5b877cc7bc4.jpg
Neuf,Bajaj,2024,"Sicap Liberté,
                                                                                Dakar",1 F Cfa,https://i.roamcdn.net/hz/ed/listing-thumb-224w/794366790215de4ec009edf91e74835b/-/horizon-files-prod/ed/picture/q7854k0z/8fac781488b370aac0087f18f1d1ecba83723225.jpg
,,,"Castor,
                                                                                Dakar",1 F Cfa,https://i.roamcdn.net/hz/ed/listing-thumb-224w/5c6aaf74c51981952c444a26ffb48c1e/-/horizon-files-prod/ed/picture/qzvd09nr/79e8b57a06c23bf011c94573cdf1ed86db794f95.jpg
Neuf,Autre,2024,"Castor,
                                                                                Dakar",1 F Cfa,https://i.roamcdn.net/hz/ed/listing-thumb-224w/0afa4a0607a65fa969419a706d5cc890/-/horizon-files-prod/ed/picture/qv4ej4vk/c2b87188c62e7411f9d08ea861105cfee970d0c0.jpg
,,,"Castor,
                                                                                Dakar",1 F Cfa,https://i.roamcdn.net/hz/ed/listing-thumb-224w/fe4ecefe96705b1ecbc7465e6da23294/-/horizon-files-prod/ed/picture/qv4ejenk/df8eaa55774c8c0e25e9277e2857a771bb27b7ce.png
Neuf,Bajaj,2024,"Castor,
                                                                                Dakar",1 F Cfa,https://i.roamcdn.net/hz/ed/listing-thumb-224w/9f555e055dbde784cca112f143bf10f3/-/horizon-files-prod/ed/picture/q8v58w26/1c49a7ea56b5cc12e28baa1dbdcabd4c72bd7b2d.jpg
Neuf,Autre,2024,"Fass,
                                                                                Dakar",1 F Cfa,https://i.roamcdn.net/hz/ed/listing-thumb-224w/96b19bfc701dd13a26ef34a24b19f84d/-/horizon-files-prod/ed/picture/qgq9kv80/4c5e38054f8afd4a356fff7ff3f8933a5e09af22.jpg
Neuf,Autre,2024,"Castor,
                                                                                Dakar",1 F Cfa,https://i.roamcdn.net/hz/ed/listing-thumb-224w/2e44aac41de4a8889cf22b9964075a45/-/horizon-files-prod/ed/picture/qwe2jqqm/c78d5db344e784b36b074e0c0befb767ec5e5917.jpg
Neuf,Autre,2024,"Ouakam,
                                                                                Dakar",,https://i.roamcdn.net/hz/ed/listing-thumb-224w/7cc70d3aeec6eb00682a534d02da9291/-/horizon-files-prod/ed/picture/qenqzw5z/0c89ad3c1e3381a94b64b4ab63a48bca9dfd5b03.jpg
Neuf,Autre,2024,"Ouakam,
                                                                                Dakar",350 000 F Cfa,https://i.roamcdn.net/hz/ed/listing-thumb-224w/bc369bb15d1b78260b79cb965e03167c/-/horizon-files-prod/ed/picture/qj4r2725/7500b97723f6d5ddc25ee089b38de9913ef308c7.jpg
Neuf,Autre,2022,"Ouakam,
                                                                                Dakar",,https://i.roamcdn.net/hz/ed/listing-thumb-224w/35deb4fdae4147cf8c10b3344bf6774f/-/horizon-files-prod/ed/picture/qwezqkx4/ab12cf2273e9cfa818451ba0059b6946bd0f3377.jpg
Neuf,Autre,2023,"Castor,
                                                                                Dakar",31 000 F Cfa,https://i.roamcdn.net/hz/ed/listing-thumb-224w/ebc03d71c0c35e26e221dce5906812db/-/horizon-files-prod/ed/picture/qv4egxq2/a894b99ea185728e1991c3748d68b679b90d60d7.jpg
Neuf,Bajaj,2023,"Castor,
                                                                                Dakar",1 F Cfa,https://i.roamcdn.net/hz/ed/listing-thumb-224w/5316c1697f3a858a2a0a5fb65096011e/-/horizon-files-prod/ed/picture/q9m98wzj/4d33c08150299d644509fd46f8472a42acb827bb.jpg
Neuf,Autre,2020,"Castor,
                                                                                Dakar",595 000 F Cfa,https://i.roamcdn.net/hz/ed/listing-thumb-224w/e123de53e7ee6390e33af2d0d8bbd0e8/-/horizon-files-prod/ed/picture/qv4eeewg/038efd4898ba0c1e593350bfcac013dbf3effb23.jpg
Neuf,KTM,2020,"Castor,
                                                                                Dakar",580 000 F Cfa,https://i.roamcdn.net/hz/ed/listing-thumb-224w/8266afc7117d1469e431e6b6ab47479a/-/horizon-files-prod/ed/picture/q785jvxx/a007d7ee0e466346369c02d776bb07a98b1054f3.jpg
Neuf,Autre,2023,"Castor,
                                                                                Dakar",1 F Cfa,https://i.roamcdn.net/hz/ed/listing-thumb-224w/ea0ee19c825c8f430befce52a4f36a03/-/horizon-files-prod/ed/picture/qpd6g65m/6dd62eb0f5465a71bda5ae50c19e1842bd00a1b8.jpg
Neuf,Autre,2023,"Castor,
                                                                                Dakar",1 F Cfa,https://i.roamcdn.net/hz/ed/listing-thumb-224w/7d337112b55733f6c95f86404afb3ffb/-/horizon-files-prod/ed/picture/qgq9p4gr/3de433507c6208cdb046cf52be0e36e19935426a.jpg
Neuf,KTM,2023,"Castor,
                                                                                Dakar",460 000 F Cfa,https://i.roamcdn.net/hz/ed/listing-thumb-224w/0119810018dd0fb328e3534fc1bd8b2a/-/horizon-files-prod/ed/picture/qwe2gnzk/46b4a33691b2b7b1f60f3c7b9c627eb040bbcc35.jpg
Neuf,Autre,2023,"Castor,
                                                                                Dakar",12 000 F Cfa,https://i.roamcdn.net/hz/ed/listing-thumb-224w/0375d0a37485a046d5c225a521d09d42/-/horizon-files-prod/ed/picture/qv4e9wjm/5d07887532f9a1f3da867e00175473df4d0b5af3.jpg
Neuf,Autre,2023,"Grand-Dakar,
                                                                                Dakar",305 000 F Cfa,https://i.roamcdn.net/hz/ed/listing-thumb-224w/01ad4529f59adfb9cd59583819046ee7/-/horizon-files-prod/ed/picture/qv4ewnjj/ff6f0abf610cc7afeda7c80d200fc47a2e800620.png
Neuf,Autre,2023,"Ouakam,
                                                                                Dakar",,https://i.roamcdn.net/hz/ed/listing-thumb-224w/9fb4719239b38c4d76a94d58dd3ab217/-/horizon-files-prod/ed/picture/qgq95er2/2181409588d31a834908daec8f4a47326324447a.jpg
