etat,marque,annee,boite_vitesse,adresse,prix,image-src
Venant,Volkswagen,2017,Automatique,VDN,8 000 000 F Cfa,https://i.roamcdn.net/hz/ed/listing-thumb-543w/d75a55062265facaf0e6b375265c8e99/-/horizon-files-prod/ed/picture/qkr8kpx5/592ce675e73582295a2ad750567e54be3abc043d.jpg
D'occasion,Jeep,2015,Automatique,Ouakam,8 500 000 F Cfa,https://i.roamcdn.net/hz/ed/listing-thumb-543w/a2b0d1db0aa0fce4a78580e471a99b30/-/horizon-files-prod/ed/picture/qpdmzdrp/e5ff75d83e884b73646e0acdc3784484fd422c0c.jpg
Venant,Mercedes-Benz,2020,0,Sicap Liberté,44 000 000 F Cfa,https://i.roamcdn.net/hz/ed/listing-thumb-543w/45b9f34f4e61afacc6ec23e626c24543/-/horizon-files-prod/ed/picture/qq42j2q7/d2ad79c407b19e6420596cf9e42f1f91a1f5bffc.jpg
Venant,Mitsubishi,2020,0,Sacré-cœur,13 000 000 F Cfa,https://i.roamcdn.net/hz/ed/listing-thumb-543w/81662d275d6d081d844d6a072d0aeb9f/-/horizon-files-prod/ed/picture/qxjp0p80/d876af0e75469d558ccf356dc16d4047905663cd.jpg
Venant,Kia,2017,Automatique,Rufisque,10 500 000 F Cfa,https://i.roamcdn.net/hz/ed/listing-thumb-543w/9773122b8c4e4f4c8522155efb626465/-/horizon-files-prod/ed/picture/q2j0eq5p/95b2f9ae2341b0a6dd1326e043d9c1e61b5f99cc.jpg
Venant,Ford,2018,Automatique,Sacré-cœur,9 900 000 F Cfa,https://i.roamcdn.net/hz/ed/listing-thumb-543w/4c7528384810432eb607eb9a7dcfe198/-/horizon-files-prod/ed/picture/qq420dqw/904f0c5ccbe2d1e643475ddc228eda5f4723fef8.jpg
Venant,Land Rover,2018,Automatique,Mermoz,13 500 000 F Cfa,https://i.roamcdn.net/hz/ed/listing-thumb-543w/c87fc13176b000dac34c15640be9e22c/-/horizon-files-prod/ed/picture/q8v472zr/4ecb0287d03421927f6818036f244f2461140eeb.jpg
Venant,Kia,2020,Automatique,VDN,20 000 000 F Cfa,https://i.roamcdn.net/hz/ed/listing-thumb-543w/a1e1cb55d9e0aeed2982069a2d57a16d/-/horizon-files-prod/ed/picture/q78w6d7x/2fd827b9d72ecb0c65a5c8779a8cb2752ab67175.jpg
Venant,Peugeot,2017,Manuelle,Nord foire,4 900 000 F Cfa,https://i.roamcdn.net/hz/ed/listing-thumb-543w/e206c2530f0fa91249967ac903f30b64/-/horizon-files-prod/ed/picture/qzvpndn8/9ff70e96a64bf0f58ffdbd8d6cdde37696decbbd.jpg
Venant,Hyundai,2019,Automatique,Liberte 6,7 800 000 F Cfa,https://i.roamcdn.net/hz/ed/listing-thumb-543w/3c0b3f95779cbee0dedc224040986cc2/-/horizon-files-prod/ed/picture/qngpmj2z/a4eb55bdb603506f4efd1e1e5c1d5ee3fc3f13c2.jpg
Venant,Ford,2016,Automatique,Liberte 6,6 300 000 F Cfa,https://i.roamcdn.net/hz/ed/listing-thumb-543w/b76d6777e1af10f14b656a207d4d2a72/-/horizon-files-prod/ed/picture/qq42j5gk/e9011b267bd50b8d5adf215c08f55ea9df180168.jpg
D'occasion,Toyota,2016,Automatique,Almadies,8 000 000 F Cfa,https://i.roamcdn.net/hz/ed/listing-thumb-543w/9c1bd6abb761fd31cdaf1c519b2559be/-/horizon-files-prod/ed/picture/qgqwn80k/820c35522b227173b66beede90c1d1672bbc492c.jpg
Venant,Mercedes-Benz,2020,Automatique,Yoff,32 000 000 F Cfa,https://i.roamcdn.net/hz/ed/listing-thumb-543w/37d692da0cecb934b2616652a1c49ed0/-/horizon-files-prod/ed/picture/q9mjeg2v/435a8b28ea55e3970de260ee0228162188633d9d.jpg
Venant,Mercedes-Benz,2020,Automatique,Yoff,32 000 000 F Cfa,https://i.roamcdn.net/hz/ed/listing-thumb-543w/bac0260b21602d1774546d6ac3b782aa/-/horizon-files-prod/ed/picture/q8v4egxj/23318784ab7ef83d3d46b49ef83bda4f65b352e6.jpg
Venant,Mazda,2017,Automatique,Liberte 6,11 800 000 F Cfa,https://i.roamcdn.net/hz/ed/listing-thumb-543w/2441943298253c6ecf591b51f1236b8c/-/horizon-files-prod/ed/picture/qxjp0qrn/63a6ce7d00ea79eedc43ab8831dc1d564e7adfb6.jpg
Venant,BMW,2019,Automatique,Sacré-cœur,19 500 000 F Cfa,https://i.roamcdn.net/hz/ed/listing-thumb-543w/386028c4657d56e67571aec89bf46d4b/-/horizon-files-prod/ed/picture/q56degm7/4f1b31d3302c7f8161e2c0ddfd584ca1223e874f.jpg
Venant,Mitsubishi,2017,Automatique,Guinaw rail,18 500 000 F Cfa,https://i.roamcdn.net/hz/ed/listing-thumb-543w/dab4ef8d48c33930d9c5830e97768d83/-/horizon-files-prod/ed/picture/qgqwn8vr/35b963b0e9f482c118def8036005f0f86ec66d86.jpg
D'occasion,Hyundai,2017,Automatique,Guediawaye,6 300 000 F Cfa,https://i.roamcdn.net/hz/ed/listing-thumb-543w/85e6e73cfdbadde8f2224cbfbbcd6245/-/horizon-files-prod/ed/picture/qv4w7z5v/2d6ef302573d32afa09e55fb34616be33bdc2b0f.jpg
D'occasion,Peugeot,2014,Manuelle,Ouakam,4 750 000 F Cfa,https://i.roamcdn.net/hz/ed/listing-thumb-543w/1f68a99c086bff7cfdff5418f5096ff2/-/horizon-files-prod/ed/picture/qde7v42r/1b3c35c1e9154f7c62946ab32a1586acac4cf0e4.jpg
Neuf,Kia,2015,Automatique,Sicap foire,7 800 000 F Cfa,https://i.roamcdn.net/hz/ed/listing-thumb-543w/7e499ee53deb2dd7af9bfb497a778db1/-/horizon-files-prod/ed/picture/qkr84vpp/3a607878a31c370aa186c484cc9c4bd2156a0c81.jpg
D'occasion,Jeep,2017,Automatique,Parcelles Assainies,6 000 000 F Cfa,https://i.roamcdn.net/hz/ed/listing-thumb-543w/d14f99bbce0185d57414c2163fc44245/-/horizon-files-prod/ed/picture/q2j0engg/a074c73ec322ff2a0c203e97de7136ce1d884328.jpg
Venant,BMW,2016,Automatique,Sacré-cœur,15 500 000 F Cfa,https://i.roamcdn.net/hz/ed/listing-thumb-543w/411e121aefb2bef6cb620bd972450a92/-/horizon-files-prod/ed/picture/qwepv5q5/48f391ad8799c4f2e99095825ee497ed99033bed.jpg
Neuf,Kia,2019,Automatique,Cité Damel,11 500 000 F Cfa,https://i.roamcdn.net/hz/ed/listing-thumb-543w/4359bc92ea8a228a7061f7e087382ec7/-/horizon-files-prod/ed/picture/qxjp0qmj/6b5864b1e5d4f4ae2aabb865df9b2de2c8c63e50.jpg
Venant,Hyundai,2017,Automatique,Gueule-Tapée,8 800 000 F Cfa,https://i.roamcdn.net/hz/ed/listing-thumb-543w/b4e133c0281e3ea318fa8af492fb00d1/-/horizon-files-prod/ed/picture/qde7vz7m/b4dfccc51f724a4bfa29e0e02ea135bcc485a39d.jpg
Venant,Mercedes-Benz,2019,Automatique,Liberte 6 extension,18 000 000 F Cfa,https://i.roamcdn.net/hz/ed/listing-thumb-543w/b7603026d61a222d040a31df90965af4/-/horizon-files-prod/ed/picture/q2j0evg2/f5b5956b7ad3f1b1e61a1840cd40f568d24790ed.jpg
D'occasion,BMW,2019,0,Mermoz,45 000 000 F Cfa,https://i.roamcdn.net/hz/ed/listing-thumb-543w/d10779657855b320972ea32cbff89323/-/horizon-files-prod/ed/picture/q2j0evd2/7a71817a2a63a83902e58d2c051e2ab7e73e78ad.jpg
D'occasion,Toyota,2015,Automatique,Plateau,7 500 000 F Cfa,https://i.roamcdn.net/hz/ed/listing-thumb-543w/9d5f21cb75cbaa9396de17bc0b521e74/-/horizon-files-prod/ed/picture/qwepvxkz/4ac2aa44b6fe28f57c39cc4f6de81e8e0d5b6394.jpg
Venant,Kia,2017,Automatique,Cité Damel,11 700 000 F Cfa,https://i.roamcdn.net/hz/ed/listing-thumb-543w/f556d26971b8c912d0d8f275c4fc2e3f/-/horizon-files-prod/ed/picture/qxjp0vdm/1bb925397e25e1bea3c20272433e71a19940ba9d.jpg
D'occasion,BMW,2017,Automatique,Mermoz,8 500 000 F Cfa,https://i.roamcdn.net/hz/ed/listing-thumb-543w/35d376a02dea23fad9f4d84ea399255b/-/horizon-files-prod/ed/picture/qrz8p8r9/f68b4d35410ed1fe5cae78b8425e435fd76cec1d.jpg
D'occasion,Peugeot,2005,Manuelle,Mermoz,2 800 000 F Cfa,https://i.roamcdn.net/hz/ed/listing-thumb-543w/d2c94dad5c6e9fba06b56870ce2fd5cb/-/horizon-files-prod/ed/picture/q2j0e67d/3de42fcd67bb9154bad950002fff47760340bf25.jpg
Venant,Renault,2017,Automatique,Liberte 6,7 000 000 F Cfa,https://i.roamcdn.net/hz/ed/listing-thumb-543w/d1d615de10d6677b0615d778e1dcc056/-/horizon-files-prod/ed/picture/qv4w7698/47dbcae1c702443a60f8ce4962074a1e11c21eea.jpg
Venant,Peugeot,2018,Automatique,Liberte 6,14 000 000 F Cfa,https://i.roamcdn.net/hz/ed/listing-thumb-543w/0291df5d61a19b0f557a9312b7d2e3ef/-/horizon-files-prod/ed/picture/q9mjeqrp/ea58daf715ffdd2ef1d59a8b786975e225f5ff91.jpg
Venant,Hyundai,2017,Automatique,Cité Damel,6 500 000 F Cfa,https://i.roamcdn.net/hz/ed/listing-thumb-543w/ec1dfba79170ae6d0a0a1d555a1a6b3c/-/horizon-files-prod/ed/picture/qrz8pe7x/785e90c717bc5c83592ddb8df31e09241a188cd4.jpg
D'occasion,Mazda,2016,0,Hann maristes,7 500 000 F Cfa,https://i.roamcdn.net/hz/ed/listing-thumb-543w/6707402362e1948a9d4d0b3f173c069a/-/horizon-files-prod/ed/picture/qzvpnm7v/8bf004870d5e982e13f46e021bd22a3449766588.jpg
Venant,Hyundai,2017,Automatique,Ouakam,12 500 000 F Cfa,https://i.roamcdn.net/hz/ed/listing-thumb-543w/34ec98016728c429422ada03c73c951e/-/horizon-files-prod/ed/picture/qm5gxxgg/1c4c6e5d3066d973e34076a52be162cee9aed5f4.jpg
Venant,Peugeot,2017,Manuelle,Guinaw rail,6 800 000 F Cfa,https://i.roamcdn.net/hz/ed/listing-thumb-543w/fd39a1843e23eff6f689f109abefe9f0/-/horizon-files-prod/ed/picture/q2j0eekg/0b956a72496c9be1e0e0b2c2cad8462700c5fe26.jpg
D'occasion,Ford,2011,Automatique,Colobane,2 700 000 F Cfa,https://i.roamcdn.net/hz/ed/listing-thumb-543w/744a8d3ba794f698470a5e179525de61/-/horizon-files-prod/ed/picture/qkr844ew/96261d4cbc62eefdcd877c5fd9f37e9e3a85b134.jpg
Venant,Ssangyong,2016,Automatique,Parcelles Assainies,7 200 000 F Cfa,https://i.roamcdn.net/hz/ed/listing-thumb-543w/004525438eaf197fd9736fe092082934/-/horizon-files-prod/ed/picture/qde7v5rm/19249473a145964f68d60a6356c9c5afc632f483.jpg
D'occasion,Ford,2012,Automatique,Sicap foire,4 200 000 F Cfa,https://i.roamcdn.net/hz/ed/listing-thumb-543w/2196c06b47b29b82978cd2c09800deae/-/horizon-files-prod/ed/picture/qzvpndwk/6c13d32b0149388623e72058a4f0a0962b3997e9.jpg
D'occasion,Maserati,2018,Automatique,VDN,34 900 000 F Cfa,https://i.roamcdn.net/hz/ed/listing-thumb-543w/a7dbc829c9cb72728614c4ad172ea40c/-/horizon-files-prod/ed/picture/qv4w7zd5/a97df04b5e2d5ba2e4c57be3108f927cf03a8d95.jpg
Venant,Hyundai,2018,Automatique,Parcelles Assainies,11 000 000 F Cfa,https://i.roamcdn.net/hz/ed/listing-thumb-543w/ad3e6bf4c1bc7b82fd904b3d7c8d4a3b/-/horizon-files-prod/ed/picture/qpdmxp6p/a9fbf8ff34eb25459a21c5863efbb1fa376d93ff.jpg
D'occasion,Volkswagen,2016,Manuelle,VDN,5 500 000 F Cfa,https://i.roamcdn.net/hz/ed/listing-thumb-543w/dbfb6a9e8abb5b09f2b2490c5f2e98a1/-/horizon-files-prod/ed/picture/q44nw272/1ca9fa995dfda63a5c350015495ad021dd7c7592.jpg
D'occasion,Chevrolet,2017,Automatique,Cité Damel,5 500 000 F Cfa,https://i.roamcdn.net/hz/ed/listing-thumb-543w/0bcd756910745aff2be153f0257d43ba/-/horizon-files-prod/ed/picture/q8v4eq2x/5ca925764ebb96f7ce9cb2c203938ed004f1aab6.jpg
D'occasion,Land Rover,2016,Automatique,Parcelles Assainies,9 900 000 F Cfa,https://i.roamcdn.net/hz/ed/listing-thumb-543w/8ede9c71f1ecee977ce490f6e54749f4/-/horizon-files-prod/ed/picture/qpdmxd64/21fea59bf2a24e51259b99c53c78ec6aef265643.jpg
D'occasion,Kia,2015,Automatique,Médina,5 700 000 F Cfa,https://i.roamcdn.net/hz/ed/listing-thumb-543w/0796b81a4c4fd58c06cdc6eb14416cdd/-/horizon-files-prod/ed/picture/qq42m40v/a8449209a73594c3f3662716ab319c98c91b5103.jpg
Réconditionné,Mercedes-Benz,2017,Automatique,Almadies 2,13 500 000 F Cfa,https://i.roamcdn.net/hz/ed/listing-thumb-543w/df1877deddcf5a351631da53b0635449/-/horizon-files-prod/ed/picture/qenv00p5/e3025b22b8a8aefc7052e3ddc38d64f7d7c89282.jpg
D'occasion,Mitsubishi,2016,Manuelle,Thiaroye,6 000 000 F Cfa,https://i.roamcdn.net/hz/ed/listing-thumb-543w/8e20177461eb358116f033dfbbf57e90/-/horizon-files-prod/ed/picture/qde7vpdj/d39590f3f7d32ab5351f6a0fe16b32b6e75a3608.jpg
Venant,Chevrolet,2018,Automatique,Parcelles Assainies,6 000 000 F Cfa,https://i.roamcdn.net/hz/ed/listing-thumb-543w/be3b8d2866c6a6c1a7fd07ae219200ad/-/horizon-files-prod/ed/picture/qj4qnrv5/030c9bf1566de16cdd479bcd1958a7c399d0085a.jpg
Venant,Nissan,2017,Automatique,Sicap Liberté,8 500 000 F Cfa,https://i.roamcdn.net/hz/ed/listing-thumb-543w/b410387cfe28520f827858cfe1af86be/-/horizon-files-prod/ed/picture/q2j040jg/bf83c1d3608d62959c26829bc3445bf1d487aefa.jpg
D'occasion,Ford,2015,Automatique,Keur Massar,5 500 000 F Cfa,https://i.roamcdn.net/hz/ed/listing-thumb-543w/85f5d08596054add0968b6d8c4aa75e9/-/horizon-files-prod/ed/picture/q44nzx9z/66d63b7b2a17b9e955c3a1f68271fc384f2ebf9e.jpg
D'occasion,Nissan,2014,Automatique,VDN,2 000 000 F Cfa,https://i.roamcdn.net/hz/ed/listing-thumb-543w/f95e3ab8bdc2b9c7bbaa3d8373edd9fe/-/horizon-files-prod/ed/picture/qngp49px/877d49564cb536b122de787ef67a33066c8b1f63.jpg
D'occasion,Mazda,2015,0,Sicap foire,5 000 000 F Cfa,https://i.roamcdn.net/hz/ed/listing-thumb-543w/ecf7e9116fa47ee7ec57db41e894d995/-/horizon-files-prod/ed/picture/q6xdgnd8/56deadb655cef91def708288024e3c12e44b1881.jpg
Venant,Peugeot,2019,Manuelle,Guinaw rail,8 000 000 F Cfa,https://i.roamcdn.net/hz/ed/listing-thumb-543w/963374047e1a8f337f017b301d6a2b57/-/horizon-files-prod/ed/picture/qwepdggd/d61fd0c2c4c6f76d644421a6894bc348c6b7c5da.jpg
Venant,Mercedes-Benz,2017,Automatique,Biscuiterie,25 750 000 F Cfa,https://i.roamcdn.net/hz/ed/listing-thumb-543w/adc542e498862235e47b4334b7dff595/-/horizon-files-prod/ed/picture/q9mjp56n/476255c95701f315cca093ec21172d566db303c6.jpg
D'occasion,Hyundai,2014,Automatique,Mbour,8 000 000 F Cfa,https://i.roamcdn.net/hz/ed/listing-thumb-543w/b3d5ea6e710f1e7de93f7c723cf6da9c/-eyJvciI6MH0%3D/horizon-files-prod/ed/picture/q6xdgr5g/4ec51606471e2286f7eec74b363ce9b01de9d7d0.jpg
Venant,Mazda,2016,Automatique,Ngor,8 500 000 F Cfa,https://i.roamcdn.net/hz/ed/listing-thumb-543w/6ca7759b683647dc87e6036afd617b0a/-/horizon-files-prod/ed/picture/qde75dp0/ac7766f70e790ccd2045906ad6cb70777f3b2361.jpg
D'occasion,Renault,2010,Manuelle,Point-e,2 250 000 F Cfa,https://i.roamcdn.net/hz/ed/listing-thumb-543w/e4a28bd4b8b190c799f76e4cff16f5b0/-/horizon-files-prod/ed/picture/qde7vk74/6fa7acf136a9f8b5b6b38e4e3ac4c55db8d4a9f1.jpg
D'occasion,Hyundai,2014,Automatique,Point-e,5 200 000 F Cfa,https://i.roamcdn.net/hz/ed/listing-thumb-543w/5bdb47a9112ab61ca31d9224af5c8354/-/horizon-files-prod/ed/picture/q0g7q8ew/da889d379113539c4dd56c01b1e12a81ab33b22a.jpg
D'occasion,Toyota,2016,Automatique,Grand-Yoff,10 500 000 F Cfa,https://i.roamcdn.net/hz/ed/listing-thumb-543w/1cf624653183a3499f3bb1eb36782b74/-/horizon-files-prod/ed/picture/q0g7q8rw/7006e2463efba11caf8da6d0e3a51440f8e42198.jpg
D'occasion,Toyota,2008,Manuelle,Saint-Louis,3 000 000 F Cfa,https://i.roamcdn.net/hz/ed/listing-thumb-543w/68404f33cc49da5ff4b83241f830e1ba/-/horizon-files-prod/ed/picture/q78wk0gq/cf2c135f53da230dd9a19c990bdc8c1660d38803.jpg
D'occasion,Peugeot,2013,Manuelle,Guediawaye,4 000 000 F Cfa,https://i.roamcdn.net/hz/ed/listing-thumb-543w/2d5b86e35704b6d89473ba62375cc4e3/-/horizon-files-prod/ed/picture/qrz8gj74/64259296b8c50f527ad6d8ab30067f9a8b8b4600.jpg
D'occasion,Peugeot,1980,Manuelle,Bakel,1 300 000 F Cfa,https://i.roamcdn.net/hz/ed/listing-thumb-543w/1bdac1254dd2c1d9b290414bdd9d7404/-/horizon-files-prod/ed/picture/q9mjpn7p/3f1467777c5b3caffadb35c7d79c3930cf7a78dd.jpg
D'occasion,Toyota,2008,Manuelle,Biscuiterie,2 900 000 F Cfa,https://i.roamcdn.net/hz/ed/listing-thumb-543w/f82d35cdcbd4c33c50ff629a66330c81/-/horizon-files-prod/ed/picture/q9mj7pkv/9922105b5606746d71df7780dca43a283b9d9e68.jpg
D'occasion,Hyundai,2021,Automatique,Hann maristes,20 500 000 F Cfa,https://i.roamcdn.net/hz/ed/listing-thumb-543w/65f27551484aa1f98350d8c9a132e6cb/-/horizon-files-prod/ed/picture/q44nx42m/7ec20bd1dd1dea42cd57101bf06ad58a826dca25.jpg
D'occasion,Audi,2021,Automatique,Liberte 6,27 500 000 F Cfa,https://i.roamcdn.net/hz/ed/listing-thumb-543w/2b480f4c57358aa05fff7be890a54f5f/-/horizon-files-prod/ed/picture/q0g7q5m8/3158c6c1f4f4a5f14a006d83cf940b0016aa8c82.jpg
D'occasion,Ford,2016,Automatique,Colobane,6 500 000 F Cfa,https://i.roamcdn.net/hz/ed/listing-thumb-543w/8789d55f2a67ec7285d7f38caba7e39e/-/horizon-files-prod/ed/picture/qxjp5gw2/9b8599b274a8cb201a1d1fe6d5c0c2d09d3092f8.jpg
D'occasion,Mazda,2017,0,Avenue Bourguiba,9 000 000 F Cfa,https://i.roamcdn.net/hz/ed/listing-thumb-543w/fb4877ae5e00493b2ee109968c6bf105/-/horizon-files-prod/ed/picture/qxjp5zdm/67ff617055f3308b49c9582c9d4c7ba81bcc028b.jpg
Neuf,Mercedes-Benz,2020,Automatique,Zac Mbao,33 600 000 F Cfa,https://i.roamcdn.net/hz/ed/listing-thumb-543w/53c1ff5dde42b97407b4a2dc1f98c0a2/-/horizon-files-prod/ed/picture/qkr84epx/cb489ce07ea20bdf0be40350e28ff50bfbb6907c.jpg
Venant,Citroen,2017,Manuelle,Parcelles Assainies,5 600 000 F Cfa,https://i.roamcdn.net/hz/ed/listing-thumb-543w/859ca7559293dfb09ad2e3ffe94a5080/-/horizon-files-prod/ed/picture/q6xdgm7d/b9a898d47871d32b437f7d39b7f0a9bd5a8890e0.jpg
Venant,Citroen,2016,Manuelle,Hann maristes,5 900 000 F Cfa,https://i.roamcdn.net/hz/ed/listing-thumb-543w/1329b5617c390f9ff13234db8ccf06cc/-/horizon-files-prod/ed/picture/qj4qn7wg/82f5a6586d5b6e01b892e82754e1655ceab63b62.jpg
D'occasion,Ford,2017,Automatique,Thiès,5 300 000 F Cfa,https://i.roamcdn.net/hz/ed/listing-thumb-543w/f047b2f24b4fb25bbed892e510ab7b5d/-/horizon-files-prod/ed/picture/qwepvw8g/b89b0f58c3824275b8e3c0b5ca5ff70f8fc0449d.jpg
D'occasion,Peugeot,2010,Manuelle,Pikine,3 200 000 F Cfa,https://i.roamcdn.net/hz/ed/listing-thumb-543w/e87cc9f1a47728faa455d43454811f63/-/horizon-files-prod/ed/picture/qde75z0r/068ce923b85476a335bc5d42802319542ece93b2.jpg
Venant,BMW,2015,Automatique,Liberte 6,15 000 000 F Cfa,https://i.roamcdn.net/hz/ed/listing-thumb-543w/1f944f0b381019459c2842e109624a82/-/horizon-files-prod/ed/picture/q9mjp2np/1bf1adaed277469d2d86026323d439c391a8a703.jpg
Venant,Mercedes-Benz,2016,Automatique,Almadies,20 000 000 F Cfa,https://i.roamcdn.net/hz/ed/listing-thumb-543w/0d19f0eae5c7a4f2f469f3b5f7a3d1d3/-/horizon-files-prod/ed/picture/q9mjp2rn/52407b591e999d417be2692d3df5c8652c19395f.jpg
Venant,Mazda,2017,Automatique,Liberte 6 extension,10 200 000 F Cfa,https://i.roamcdn.net/hz/ed/listing-thumb-543w/179c11bfb060f24154432815fdc9de15/-/horizon-files-prod/ed/picture/q44nx9dm/9fb1d703d4e805391414d401f39207ccb89e5783.jpg
Venant,Peugeot,2016,Manuelle,Parcelles Assainies,8 000 000 F Cfa,https://i.roamcdn.net/hz/ed/listing-thumb-543w/7201e3648e1784bc794fcff39d8f8c21/-/horizon-files-prod/ed/picture/qrz8gw5m/bd4102ff11f8e5fde48d8eac4b13ab8efebeebfa.jpg
Venant,Jeep,2020,Automatique,Avenue Bourguiba,48 000 000 F Cfa,https://i.roamcdn.net/hz/ed/listing-thumb-543w/4d1468c15129c88467c59596a5ada11d/-/horizon-files-prod/ed/picture/qm5gze9g/f6c5e85a5029b494e31290ba0a5a89ea2dc88796.jpg
D'occasion,GMC,2014,Automatique,Liberte 6,4 500 000 F Cfa,https://i.roamcdn.net/hz/ed/listing-thumb-543w/e81ac46156d8cc07123e3eadc25b4ec4/-/horizon-files-prod/ed/picture/qq42m0xn/febf19476a3e872f91d00dd48646c20f2586383e.jpg
Venant,Dodge,2016,Automatique,Liberte 6,5 500 000 F Cfa,https://i.roamcdn.net/hz/ed/listing-thumb-543w/b90acc79d163fd022305092023ace720/-/horizon-files-prod/ed/picture/qj4qnkg4/9847211396395e321193036d83d2e8685db0d657.jpg
Venant,Peugeot,2017,Manuelle,Liberte 6 extension,6 000 000 F Cfa,https://i.roamcdn.net/hz/ed/listing-thumb-543w/b615994597248868e9211f02637275eb/-/horizon-files-prod/ed/picture/q78wke8m/a96e772c2d7d6fb28220cdc2df8e1b15fbfa6908.jpg
D'occasion,Ford,2020,Automatique,Ouest foire,17 500 000 F Cfa,https://i.roamcdn.net/hz/ed/listing-thumb-543w/2023c1524589b02b2fe2ac8f09425037/-/horizon-files-prod/ed/picture/qwepddrm/cbcc4668ad1df736a523e0eb65efbf6158ef008a.jpg
D'occasion,Mitsubishi,2016,Automatique,Ouest foire,8 300 000 F Cfa,https://i.roamcdn.net/hz/ed/listing-thumb-543w/0a0f16fde6eacdfb68e27b48ec72d6d6/-/horizon-files-prod/ed/picture/qm5gzz06/058400b02c5c1b4c7bb391de28586e0891f8a2f5.jpg
D'occasion,Mazda,2016,Automatique,Ouest foire,8 700 000 F Cfa,https://i.roamcdn.net/hz/ed/listing-thumb-543w/18212efb1b1dde624b682ddde79823c7/-/horizon-files-prod/ed/picture/qj4qnn6z/9412bcf346ad32415605a25a0d37d0bb742f905f.jpg
D'occasion,Renault,2016,Automatique,Ouest foire,6 300 000 F Cfa,https://i.roamcdn.net/hz/ed/listing-thumb-543w/d036a1311ebbabd9498b181c0a349b4f/-/horizon-files-prod/ed/picture/qde7559j/b25eb54b4fe1abdcff2218538e034b979e9e8dbb.jpg
D'occasion,Mazda,2019,Automatique,Ouest foire,13 000 000 F Cfa,https://i.roamcdn.net/hz/ed/listing-thumb-543w/3746c73411a70595bea5eca553e5c9e3/-/horizon-files-prod/ed/picture/qenv66rz/b51ef6cc743bffb3c44d9334e379c0e3bf78a404.jpg
D'occasion,Ford,2016,Automatique,Ouest foire,5 850 000 F Cfa,https://i.roamcdn.net/hz/ed/listing-thumb-543w/79d7738c13f5c5d865c114800cff1e17/-/horizon-files-prod/ed/picture/q78wkkjz/4da4462d0fc2093d8357411b1a23814cbc731b4b.jpg
Venant,Range Rover,2016,Automatique,Ouest foire,1 F Cfa,https://i.roamcdn.net/hz/ed/listing-thumb-543w/493c390a88deeea18f6ef9267f1e8319/-/horizon-files-prod/ed/picture/qxjp55g8/9bd2b1ca8959368056da5fe2e248eae58dd72f16.jpg
Venant,Kia,2016,Automatique,Colobane,4 900 000 F Cfa,https://i.roamcdn.net/hz/ed/listing-thumb-543w/7e5c65fe7c13587042b1f43165eb9ecf/-/horizon-files-prod/ed/picture/qgqwvvp4/8b4b14a2ae9907d0ff75a76622db8686fe3390de.jpg
D'occasion,Kia,2017,Manuelle,Sicap Sacré-cœur,4 700 000 F Cfa,https://i.roamcdn.net/hz/ed/listing-thumb-543w/2fca970c6a3c5fa1c23db0d13769c27e/-/horizon-files-prod/ed/picture/q0g7qqne/4c91ba67a302b2486844d91d0acf1f32df773897.jpg
D'occasion,Toyota,2019,Manuelle,Rufisque,19 500 000 F Cfa,https://i.roamcdn.net/hz/ed/listing-thumb-543w/e729778203b6cc4c80d33acc638a9f0f/-/horizon-files-prod/ed/picture/qzvpnn8q/bd228b4102f4c0719a2f41dd61807c844c6b7d07.jpg
D'occasion,Kia,2015,Automatique,VDN,4 000 000 F Cfa,https://i.roamcdn.net/hz/ed/listing-thumb-543w/7d60cda7a576be46f38d978057436292/-/horizon-files-prod/ed/picture/qj4qnvg6/d45fe93d6981a1568f57c96f83ff35f9d8259489.jpg
D'occasion,Mitsubishi,2020,Automatique,Saly Portudal,12 899 000 F Cfa,https://i.roamcdn.net/hz/ed/listing-thumb-543w/33ec4e750b97c3b4f813294923289c5d/-/horizon-files-prod/ed/picture/qj4qnvdg/7db2ca85bb4b37ab003af60e2328954474dac107.jpg
D'occasion,Ford,2015,Automatique,Keur ndiaye lô,7 000 000 F Cfa,https://i.roamcdn.net/hz/ed/listing-thumb-543w/a07062c0ceca5e2a43f59abae121bdc3/-/horizon-files-prod/ed/picture/qv4w2n6v/8fa440ba180470536334917cbcc1cbbfbd45c776.jpg
D'occasion,Mitsubishi,2015,Automatique,Mbour,4 500 000 F Cfa,https://i.roamcdn.net/hz/ed/listing-thumb-543w/06e32c4cec01249018cb56ec08bdaa03/-/horizon-files-prod/ed/picture/qzvpnk88/7d5bbaa554c5e82c3781991adbea44cad394cbf3.jpg
D'occasion,Ford,2015,Automatique,Sicap baobab,6 000 000 F Cfa,https://i.roamcdn.net/hz/ed/listing-thumb-543w/a66c62b364759f2fcd35ef7427a2b3d1/-/horizon-files-prod/ed/picture/qwepqm5m/c06e39eae745b15fff1e8aa2e7e05a78d99db089.jpg
Venant,Lexus,2018,Automatique,Sicap foire,18 000 000 F Cfa,https://i.roamcdn.net/hz/ed/listing-thumb-543w/a529c4382c619a4d5ac8575705ed72aa/-/horizon-files-prod/ed/picture/qgqw2528/e0c53b1c6c02016db2a4bc51bf93d919c60f7550.jpg
Venant,Mazda,2017,Automatique,Grand-Dakar,6 500 000 F Cfa,https://i.roamcdn.net/hz/ed/listing-thumb-543w/088abc6376f4f904db01a4944849e01b/-/horizon-files-prod/ed/picture/q56d76wn/b8c3f3aa327bc077c15886c07755e8794897f6fc.jpg
D'occasion,Ford,2017,Automatique,Almadies,5 950 000 F Cfa,https://i.roamcdn.net/hz/ed/listing-thumb-543w/90e9e50e8dbc686b63da53579d2ae27f/-/horizon-files-prod/ed/picture/qxjp4de8/26253da4de7cf5f245c7741445ba5653a4f15a9d.jpg
Venant,Hyundai,2017,Automatique,Liberte 6,5 500 000 F Cfa,https://i.roamcdn.net/hz/ed/listing-thumb-543w/739eaf9836326bc0077ee8aca5bd09fa/-/horizon-files-prod/ed/picture/qxjp46em/cd6c862e166788b7d5e517ebfae8ddd69423a329.jpg
Venant,Jeep,2016,Automatique,Mbao,6 800 000 F Cfa,https://i.roamcdn.net/hz/ed/listing-thumb-543w/070cd25388bed586a4f10c0ed22c89a0/-/horizon-files-prod/ed/picture/q78wn7qj/1b2ae31cf2335fa9ba02878b0efcde4c8c01797f.jpg
Venant,Hyundai,2017,Automatique,Almadies,5 850 000 F Cfa,https://i.roamcdn.net/hz/ed/listing-thumb-543w/3d41068fd94d9e87cf17e53166cedad9/-/horizon-files-prod/ed/picture/q8v4q544/c32e18dc15eef888a428e1802ff0d872680aa5e5.jpg
D'occasion,Ford,2014,Automatique,Almadies,3 550 000 F Cfa,https://i.roamcdn.net/hz/ed/listing-thumb-543w/0bc744cb87cff05026207d8ea0a8b63a/-/horizon-files-prod/ed/picture/q56d7xdn/a7833afe5bb4d0ce5c80336dce78d584a75a6bbd.jpg
Neuf,Peugeot,2016,Manuelle,Nord foire,6 300 000 F Cfa,https://i.roamcdn.net/hz/ed/listing-thumb-543w/c07e6883e8a57f604863525ad1568e8d/-/horizon-files-prod/ed/picture/q0g7evr8/a95137b042ce0967d13bb5cdcb91eeed75a92690.jpg
Venant,Mitsubishi,2016,Automatique,VDN,8 000 000 F Cfa,https://i.roamcdn.net/hz/ed/listing-thumb-543w/2cba445f92610a6e2a7c6fa3abbea944/-/horizon-files-prod/ed/picture/q8v4q5m4/62fc476e64c0bbbbc88e0aed67e8e9ae914810ac.jpg
Venant,Jaguar,2019,Automatique,Fass,17 400 000 F Cfa,https://i.roamcdn.net/hz/ed/listing-thumb-543w/cf6e04b473bde96a1e9987027ca38028/-/horizon-files-prod/ed/picture/qngprprw/718c373ec7aa1fcef99cbb4fb41cd8c1b5b17d89.jpg
Venant,Mitsubishi,2022,Automatique,Ouest foire,16 800 000 F Cfa,https://i.roamcdn.net/hz/ed/listing-thumb-543w/7658984b7193a0a371eb64fdbdc15330/-/horizon-files-prod/ed/picture/qzvp7wdr/c2b1058cfa4104b5d7f80c3b38fbb633a9a43905.jpg
Venant,Toyota,2018,Manuelle,Pikine,17 000 000 F Cfa,https://i.roamcdn.net/hz/ed/listing-thumb-543w/529cdb6b91564e8bfcb278ea727e9a04/-/horizon-files-prod/ed/picture/q0g7e5qm/b735223decd82ac692ce4454eadb10f2ff2acc8c.jpg
Venant,Jeep,2016,Automatique,Nord foire,9 500 000 F Cfa,https://i.roamcdn.net/hz/ed/listing-thumb-543w/6138d5a630da2b6d08be78a48c2891a5/-/horizon-files-prod/ed/picture/q56dmqr0/746f7ca39770c955099dc9b168fe95fe89fbb428.jpg
D'occasion,Maserati,2016,Automatique,Point-e,13 500 000 F Cfa,https://i.roamcdn.net/hz/ed/listing-thumb-543w/251c8599e05fda0f5b0e84c1b27b9f7f/-/horizon-files-prod/ed/picture/qwepdn96/0b7ccaed49f54ef8e8bc8b06aa7e7c6df5c98d3a.jpg
Venant,Mitsubishi,2018,Automatique,Amitié,8 500 000 F Cfa,https://i.roamcdn.net/hz/ed/listing-thumb-543w/6aa1ed35ed370f4987582dcae81c829c/-/horizon-files-prod/ed/picture/qenv0gxj/28b1fd02d4998097521577219df4d554491d0bc2.jpg
D'occasion,Jeep,2015,Automatique,Cité keur gorgui,5 000 000 F Cfa,https://i.roamcdn.net/hz/ed/listing-thumb-543w/5fbf3c92e8e5457276ef33fed1833e9f/-/horizon-files-prod/ed/picture/q9mjpqjv/f21c80cba581186ceb3170ead33c65f6082a5c25.jpg
Venant,Hyundai,2017,Automatique,Sicap foire,8 700 000 F Cfa,https://i.roamcdn.net/hz/ed/listing-thumb-543w/af936945fba67205f761dc8521168603/-/horizon-files-prod/ed/picture/q6xd0nn7/055dfe11e1a489a33ebb69fb4024bb0c0c58b6fb.jpg
Venant,Toyota,2020,Automatique,Mbao,22 000 000 F Cfa,https://i.roamcdn.net/hz/ed/listing-thumb-543w/947f6e01474d77863d6e1faf3369d567/-/horizon-files-prod/ed/picture/q6xd0n24/a9ee957b15f6911bab51c091bc43e6493af6f031.jpg
D'occasion,Renault,2009,Manuelle,Mbao,2 500 000 F Cfa,https://i.roamcdn.net/hz/ed/listing-thumb-543w/0bf233f1644726aa84b6d2f4f2cf9d35/-/horizon-files-prod/ed/picture/qenvg996/2f3b8d6bcd66dcfa1da8a4a0ab68d36b1a1e0971.jpg
Venant,Toyota,2016,Manuelle,VDN,7 800 000 F Cfa,https://i.roamcdn.net/hz/ed/listing-thumb-543w/7066eebc2ff269b3289f3b5d878efed6/-/horizon-files-prod/ed/picture/qenv6j76/5feca5897cae0ee18d450fa0c83ff553c968f5a1.jpg
D'occasion,Jeep,2015,Automatique,Rufisque,9 000 000 F Cfa,https://i.roamcdn.net/hz/ed/listing-thumb-543w/eba709014bdc4cb75b2f890441b188d3/-/horizon-files-prod/ed/picture/qngpqp0k/855876f913f07ff7981e8283569c28f574b71b9c.jpg
Réconditionné,BMW,2025,Automatique,Liberte 6,89 000 000 F Cfa,https://i.roamcdn.net/hz/ed/listing-thumb-543w/46ae8cc7a971ca6cea0af9ca49d57f45/-/horizon-files-prod/ed/picture/q8v4qk5x/621af16c0e1ad391cc24ff1984962e688b062c4f.jpg
Neuf,Ford,2024,Automatique,Castor,25 000 000 F Cfa,https://i.roamcdn.net/hz/ed/listing-thumb-543w/efbc7f133ce1aea3f0f11d47d533e310/-/horizon-files-prod/ed/picture/q78wng75/50aae93efbe77c7ef1529bedba7ed635b27ad74a.jpg
Venant,Hyundai,2018,Automatique,VDN,11 800 000 F Cfa,https://i.roamcdn.net/hz/ed/listing-thumb-543w/58916e4a3bbd9c32c8816909c2d9973b/-/horizon-files-prod/ed/picture/q44nepw8/f6eb954c572eac10ebcfec6ff76908fdfc86178d.jpg
Venant,Mazda,2019,Automatique,VDN,12 300 000 F Cfa,https://i.roamcdn.net/hz/ed/listing-thumb-543w/2ef50f18fbb7351e0d89b9697c1503e0/-/horizon-files-prod/ed/picture/qgqw2874/4a34832e9570cd5946e191eb7c476b0cafb40749.jpg
Venant,Kia,2017,Automatique,Cité Damel,5 300 000 F Cfa,https://i.roamcdn.net/hz/ed/listing-thumb-543w/7323da33d2ef19cc3254f26e7d47ffa0/-/horizon-files-prod/ed/picture/qv4wndnm/e187ff6220a3a5c0c1e45dd19c43c6d6b0198e25.jpg
Venant,Mitsubishi,2017,Automatique,Nord foire,8 500 000 F Cfa,https://i.roamcdn.net/hz/ed/listing-thumb-543w/c00c581d290f6f8827fdd3e74ba7f6bf/-/horizon-files-prod/ed/picture/qq42pgzn/a99c8e7baf9920522cf2905b32031a6ff769a34a.jpg
Venant,BMW,2018,Automatique,VDN,13 800 000 F Cfa,https://i.roamcdn.net/hz/ed/listing-thumb-543w/7147c5e4456e701035acfb8874f0edf3/-/horizon-files-prod/ed/picture/qenvg206/ddaa69e572a2a132b22317409388155fb7777e36.jpg
D'occasion,Toyota,2009,Automatique,Hann maristes,4 100 000 F Cfa,https://i.roamcdn.net/hz/ed/listing-thumb-543w/f85a9adae63d754690059f6e0ab2b5c6/-/horizon-files-prod/ed/picture/q6xd04vp/90625d2ce63a1484d3849bc355a1357a016c0278.jpg
D'occasion,Porsche,2022,Automatique,Almadies,52 000 000 F Cfa,https://i.roamcdn.net/hz/ed/listing-thumb-543w/d76cb27c963b6eeed4276c5bb3b84ca9/-/horizon-files-prod/ed/picture/q9mj469w/094f206bdbfeb02dde669afe6bcaad8e8a8a04fa.jpg
D'occasion,Dodge,2010,Automatique,Mermoz,3 000 000 F Cfa,https://i.roamcdn.net/hz/ed/listing-thumb-543w/0263d70038a5f9b48645d5dfeb7f6ecf/-/horizon-files-prod/ed/picture/q0g7qnjd/dd482f8ca38866db5c5801c1293310c5580310c8.jpg
D'occasion,Ford,2014,Automatique,Thiès,3 900 000 F Cfa,https://i.roamcdn.net/hz/ed/listing-thumb-543w/bc61e8dbea08a644f61ed2023c6e6dec/-/horizon-files-prod/ed/picture/qxjp4gvn/1a966de8b8529eff0c94145ce052380d9b47af27.jpg
Venant,Hyundai,2017,Automatique,Liberte 6,11 500 000 F Cfa,https://i.roamcdn.net/hz/ed/listing-thumb-543w/ea82f57fc12fe352413fdff74b8f9dab/-/horizon-files-prod/ed/picture/q8v4qrgr/65ec9568ecd64a3eb15e858e881d124584a2d560.jpg
Venant,Ford,2017,Automatique,Cité Damel,6 800 000 F Cfa,https://i.roamcdn.net/hz/ed/listing-thumb-543w/5f0de350246b9778e25b07cbe465ae24/-/horizon-files-prod/ed/picture/qenvgw6v/558fc469e230565d351b54de5a1cccc2e8050a53.jpg
D'occasion,Hyundai,2015,Automatique,VDN,5 000 000 F Cfa,https://i.roamcdn.net/hz/ed/listing-thumb-543w/bb327c120520279236e22af926818915/-/horizon-files-prod/ed/picture/qwepq0qp/611868c007a94e74b50d260494a0c928f4b0710e.jpg
Venant,Nissan,2017,Automatique,VDN,8 800 000 F Cfa,https://i.roamcdn.net/hz/ed/listing-thumb-543w/c928433b00121a070df2e8d11d8e42b6/-/horizon-files-prod/ed/picture/q8v4qrqp/f3ad078f26451b718a2b56be55aac7d29c82a8ae.jpg
D'occasion,Chevrolet,2016,Automatique,Sicap Sacré-cœur,11 500 000 F Cfa,https://i.roamcdn.net/hz/ed/listing-thumb-543w/f985c94889437adbc60add488b81bfc3/-/horizon-files-prod/ed/picture/qenvgz09/bc3e7ed29c1494054daaa0f69c8f03f3d340be6b.jpg
D'occasion,Volkswagen,2017,Automatique,Keur Massar,3 800 000 F Cfa,https://i.roamcdn.net/hz/ed/listing-thumb-543w/3a2c4783ab2cf3c866091e2b9323e1da/-/horizon-files-prod/ed/picture/qenvg2r9/429316aec98166c5659613d0518e66aa87031a81.jpg
Venant,Hyundai,2017,Automatique,Sacré-cœur,9 000 000 F Cfa,https://i.roamcdn.net/hz/ed/listing-thumb-543w/1504ae7f59333c9135d6905646791d9e/-/horizon-files-prod/ed/picture/q0g7qw6k/3e081bd27cb7e95758b4470b13777f8c9d1222f5.jpg
D'occasion,Hyundai,2018,Automatique,Ouest foire,9 000 000 F Cfa,https://i.roamcdn.net/hz/ed/listing-thumb-543w/be09a537c78cf55e0ebd45cf4b6c7fd8/-/horizon-files-prod/ed/picture/qxjp4n5m/b9f6949d72d5d5231310b338019d2530e53c15c0.jpg
Venant,Range Rover,2017,Automatique,Avenue Bourguiba,20 500 000 F Cfa,https://i.roamcdn.net/hz/ed/listing-thumb-543w/d6c954d3dc8e9969c18c13c1287af038/-/horizon-files-prod/ed/picture/qxjp4g84/bda5728f9a82ebb6d511709b187b616b1a1faa5f.jpg
Venant,Ford,2017,Automatique,Hann maristes,8 500 000 F Cfa,https://i.roamcdn.net/hz/ed/listing-thumb-543w/bc883eebe2d3985134e3cfa5e8947895/-/horizon-files-prod/ed/picture/qenv06v9/fd687344c628ed730ad752a021e7f7ad577449e1.jpg
D'occasion,Chevrolet,2016,Automatique,Almadies 2,4 500 000 F Cfa,https://i.roamcdn.net/hz/ed/listing-thumb-543w/afc91632c72af075772c88925e6c25e6/-eyJvciI6OTB9/horizon-files-prod/ed/picture/qxjp55jm/3fb1809d5a494e93ecda4ff91a8227cc483e6402.jpg
D'occasion,Mitsubishi,2013,Automatique,Almadies,4 700 000 F Cfa,https://i.roamcdn.net/hz/ed/listing-thumb-543w/397451ee88bab2844c1ad7b7970bc57f/-/horizon-files-prod/ed/picture/qxjp5x4m/cd3505e2b109f0cacba12e69f0e54f20f6db35a1.jpg
D'occasion,Ford,2014,Automatique,Hlm,3 800 000 F Cfa,https://i.roamcdn.net/hz/ed/listing-thumb-543w/b7603591ed2c6bd07077c88871a996d1/-/horizon-files-prod/ed/picture/qngprqgm/5f797525ab4daa9f584938db751b1fab3a5e89cf.jpg
Venant,Mazda,2016,Automatique,Hlm,9 800 000 F Cfa,https://i.roamcdn.net/hz/ed/listing-thumb-543w/5686a1d191632f8a7473efb0c7589333/-/horizon-files-prod/ed/picture/qrz8gk6m/79391839e6803f660362151c78f3d18035cf0812.jpg
Venant,Renault,2016,Automatique,Guediawaye,6 400 000 F Cfa,https://i.roamcdn.net/hz/ed/listing-thumb-543w/eae44f8e54265daefeb5da15d48cf49e/-/horizon-files-prod/ed/picture/q0g7m488/b10b406dd5f2d6ecd227a9c1128794b97580436c.jpg
Venant,Jeep,2016,Automatique,Liberte 6,6 800 000 F Cfa,https://i.roamcdn.net/hz/ed/listing-thumb-543w/03a722a7a3516392712a83531b98f647/-/horizon-files-prod/ed/picture/q2j0px8p/c46cb53d4e61b1cf1041f38ff7c682487dc5aa5a.jpg
D'occasion,Nissan,2015,Automatique,VDN,5 999 999 F Cfa,https://i.roamcdn.net/hz/ed/listing-thumb-543w/96bfe203ae754bf84ac47190da0c23f8/-/horizon-files-prod/ed/picture/qv4wnjkg/8ae1e7d338eaaa8afab52ab4799cf1422b6a407d.jpg
Neuf,Mercedes-Benz,2023,Automatique,Amitié,135 000 000 F Cfa,https://i.roamcdn.net/hz/ed/listing-thumb-543w/c5ce3efc63ea02af7f04018840997865/-/horizon-files-prod/ed/picture/qpdmk422/13e8521d1bb6a7e4df93959b2961672cab06e410.jpg
D'occasion,Ford,2017,Automatique,Ouest foire,5 750 000 F Cfa,https://i.roamcdn.net/hz/ed/listing-thumb-543w/1a85e10d5b91f779e8a99a93be4a37fd/-/horizon-files-prod/ed/picture/qgqw2604/0f4c074f68edeedf258d7b6a51f5b15c96784d91.jpg
Venant,Mitsubishi,2018,Automatique,Liberte 6 extension,18 000 000 F Cfa,https://i.roamcdn.net/hz/ed/listing-thumb-543w/2f6d664dace5ec24d5a6b17f50598870/-/horizon-files-prod/ed/picture/qkr89zqx/edd87d2f2c5a22baa3f8dbf9a12eb918e50e118d.jpg
D'occasion,Kia,2014,Automatique,Ouest foire,7 000 000 F Cfa,https://i.roamcdn.net/hz/ed/listing-thumb-543w/b7d5b43a771104d3f0d437c6dba3f925/-/horizon-files-prod/ed/picture/qj4qv0wz/34e60155277a8a042bcf78b656c1b7fc4d45b265.jpg
Venant,Mitsubishi,2016,Automatique,Guediawaye,8 200 000 F Cfa,https://i.roamcdn.net/hz/ed/listing-thumb-543w/f9d1d3fbddb418348b26ffbe442732b9/-/horizon-files-prod/ed/picture/q56d7k52/05b5560c5fc3ef66d6e114102937c4ecce423749.jpg
D'occasion,BMW,2019,Automatique,Ouest foire,25 000 000 F Cfa,https://i.roamcdn.net/hz/ed/listing-thumb-543w/d1d36e5fc9129d35ce431593f02eb4b5/-/horizon-files-prod/ed/picture/qq42prrk/6e1710d138a8ae3ba666e08cf0024f6c06b46905.jpg
Neuf,Cadillac,2023,Automatique,Cité keur gorgui,75 000 000 F Cfa,https://i.roamcdn.net/hz/ed/listing-thumb-543w/4e35bbfc5f9ea1b8d3a91f110a55947b/-/horizon-files-prod/ed/picture/q0g7m4rm/9d2fb7ff5a9a54d87284438d5160dfd02bd296dc.jpg
D'occasion,Peugeot,2012,Manuelle,Mbao,4 200 000 F Cfa,https://i.roamcdn.net/hz/ed/listing-thumb-543w/3318adedd0c20acad01456427d1669c9/-/horizon-files-prod/ed/picture/qkr89zw2/b76c9866c1f809b116df224fa5dec06c3d91e1db.jpg
D'occasion,Mitsubishi,2015,Manuelle,Mbao,5 500 000 F Cfa,https://i.roamcdn.net/hz/ed/listing-thumb-543w/c3bc9e3987c460a8d6dd160d73ea181c/-/horizon-files-prod/ed/picture/qkr8wxvp/fe8549e2e6e2fa4d907d7574270454afb9d4eab7.jpg
D'occasion,Jeep,2016,Automatique,Médina,9 500 000 F Cfa,https://i.roamcdn.net/hz/ed/listing-thumb-543w/9d7340be6bb5e7892d9313657eb70998/-/horizon-files-prod/ed/picture/qkr89ppn/6e274ec56eb33ea48a2c4f6672f5dc97bbd61a73.jpg
Neuf,tesla,2025,Automatique,Cité keur gorgui,95 000 000 F Cfa,https://i.roamcdn.net/hz/ed/listing-thumb-543w/b0bd436dc3d9dad44aa3a313e3fe161a/-/horizon-files-prod/ed/picture/qngprqrg/19caadff28731e89aba7709c4b1d8d45e17583ee.jpg
D'occasion,Dodge,2015,0,Sicap Sacré-cœur,9 000 000 F Cfa,https://i.roamcdn.net/hz/ed/listing-thumb-543w/bfbe84cac0a82d3249af5a7919397768/-/horizon-files-prod/ed/picture/q8v4qdpn/218eb5afb5d544affd9e91fe550487bfbc76fca7.jpg
D'occasion,Ford,2010,Automatique,Mbao,3 500 000 F Cfa,https://i.roamcdn.net/hz/ed/listing-thumb-543w/741b3e62bdf0a57920e1ae5684de35e0/-/horizon-files-prod/ed/picture/q9mj7ze5/62863825bafd494203103bf7918f8361aa75035f.jpg
D'occasion,Chevrolet,2012,Automatique,Ouakam,3 700 000 F Cfa,https://i.roamcdn.net/hz/ed/listing-thumb-543w/c500052c1d4dd3614e73c8a003cfedfe/-/horizon-files-prod/ed/picture/qwepd0mz/0d285f0fc83b8f3016582dc893ef163ad3ac62a1.jpg
Venant,Hyundai,2017,Automatique,Sicap Sacré-cœur,10 500 000 F Cfa,https://i.roamcdn.net/hz/ed/listing-thumb-543w/648fbbb34ac56ab77511103f8d59e89c/-/horizon-files-prod/ed/picture/qm5gz8rd/de53e575b2293b72c6481b62ba0a8fd92a6e70e1.jpg
Venant,Kia,2017,Automatique,Sicap Sacré-cœur,10 500 000 F Cfa,https://i.roamcdn.net/hz/ed/listing-thumb-543w/f346f372e89e4fa4f0b3a4cfb5907779/-/horizon-files-prod/ed/picture/qj4qnv4d/6a5d458e3f3e40ff0333ee4c02d1de48752a5d9a.jpg
Venant,Maserati,2018,Automatique,Sicap Sacré-cœur,26 000 000 F Cfa,https://i.roamcdn.net/hz/ed/listing-thumb-543w/49a52d83f08f7b892461a2d2e12afdd5/-/horizon-files-prod/ed/picture/qpdmxxwx/49d721d880dfe25cee3451f018a02b2f390382d7.jpg
Venant,Kia,2017,Automatique,Sicap Sacré-cœur,10 500 000 F Cfa,https://i.roamcdn.net/hz/ed/listing-thumb-543w/833a2fc87a6c6ff51cb53f795acd6770/-/horizon-files-prod/ed/picture/qpdmxxpx/7d8323e97bf0552033fdc17563323eaa186ab628.jpg
Venant,BMW,2017,Automatique,Sicap Sacré-cœur,14 500 000 F Cfa,https://i.roamcdn.net/hz/ed/listing-thumb-543w/675aed117a78a610074404db9eb88bfe/-/horizon-files-prod/ed/picture/qde75v62/3e07eb660c99235ea4268a6f425dca796da5dd84.jpg
Venant,Renault,2018,Automatique,Sicap Sacré-cœur,7 500 000 F Cfa,https://i.roamcdn.net/hz/ed/listing-thumb-543w/8b58e87c1d59f7a9d96cdf7ed1630bc3/-/horizon-files-prod/ed/picture/qj4qn826/5137d108ac1523faa7570e1fb8734749264b8866.jpg
D'occasion,Hyundai,2016,Automatique,Nord foire,4 900 000 F Cfa,https://i.roamcdn.net/hz/ed/listing-thumb-543w/f8495da484276c1630e229cd98dcb8ef/-/horizon-files-prod/ed/picture/q9mjpwe7/eb925eca8d830f8c160523a2effe18a53536ff19.jpg
D'occasion,Ford,2017,Automatique,Sicap Sacré-cœur,9 000 000 F Cfa,https://i.roamcdn.net/hz/ed/listing-thumb-543w/8bf35147df93cc098d1a08a82434346b/-/horizon-files-prod/ed/picture/qxjp509n/28d016a27877a995edcf02a2f2636d379859fe26.jpg
Venant,Jeep,2016,Automatique,Sicap Sacré-cœur,25 000 000 F Cfa,https://i.roamcdn.net/hz/ed/listing-thumb-543w/81769d3ab4ef969f29e4d7ea97d7103c/-/horizon-files-prod/ed/picture/q8v4jq07/186722720b927ae46665e05ff052c3daa8e75537.jpg
Venant,Toyota,2021,Automatique,Sicap Sacré-cœur,26 000 000 F Cfa,https://i.roamcdn.net/hz/ed/listing-thumb-543w/39475d46245978db56da1768eb787f2d/-/horizon-files-prod/ed/picture/qzvp774d/27089077723b20ef697e2d015452ca95b425a3ea.jpg
Venant,Hyundai,2021,Automatique,Sacré-cœur,21 000 000 F Cfa,https://i.roamcdn.net/hz/ed/listing-thumb-543w/83c0eac264df27a784ac46c68269685e/-/horizon-files-prod/ed/picture/qv4wnv6x/5cd2842c8c11387231b53e5882f92453cad3db2e.jpg
Venant,Mazda,2017,0,Liberte 6,9 950 000 F Cfa,https://i.roamcdn.net/hz/ed/listing-thumb-543w/70cab28602c0289e0818dee52c340ef6/-/horizon-files-prod/ed/picture/qde7x86r/c636049c83c0e05307d06532ea47e3c3ef3f01fc.jpg
Venant,Hyundai,2018,Automatique,Dieuppeul,6 950 000 F Cfa,https://i.roamcdn.net/hz/ed/listing-thumb-543w/82928c281b316777f2034a1d46c182e2/-/horizon-files-prod/ed/picture/qm5g82mr/633c0933e03bd9ce9ec28652b1faca1ba229a0a8.jpg
Venant,Nissan,2016,Automatique,Point-e,6 900 000 F Cfa,https://i.roamcdn.net/hz/ed/listing-thumb-543w/a92491f9b138dc438b2d937269e1fced/-/horizon-files-prod/ed/picture/qzvpg82d/27c6da4a6635abdef59696cddd5d0b3b1bcdf2c4.jpg
D'occasion,Toyota,2019,Automatique,Liberte 6,30 000 000 F Cfa,https://i.roamcdn.net/hz/ed/listing-thumb-543w/9a60363d1bda83cb726401c5ea0757bd/-/horizon-files-prod/ed/picture/qv4wn8vg/1687eb84359eef167740b501bd2086a11103428a.jpg
Venant,Hyundai,2017,Automatique,Fenêtre mermoz,11 000 000 F Cfa,https://i.roamcdn.net/hz/ed/listing-thumb-543w/40c352ad826de9c0310f6aa665ed0e37/-/horizon-files-prod/ed/picture/qngpr68w/17022690bd14ac2346dc97294cab29e21b9b9fa6.jpg
D'occasion,Mazda,2018,Automatique,Almadies,14 500 000 F Cfa,https://i.roamcdn.net/hz/ed/listing-thumb-543w/ec6144b5ae0b4bcf5af2215beb6d7aa4/-/horizon-files-prod/ed/picture/q8v4qgnx/86999ed1cc7e15e57893b79e6dea24e39cb353e8.jpg
D'occasion,Chevrolet,2013,Automatique,Ouest foire,3 400 000 F Cfa,https://i.roamcdn.net/hz/ed/listing-thumb-543w/3ca67bc619c3528cdcbc84b00cfc03cc/-/horizon-files-prod/ed/picture/q8v4qevr/acebc401bad449f3985afa5ac4a7d00ad71c260a.jpg
Venant,Peugeot,2019,Automatique,Point-e,11 500 000 F Cfa,https://i.roamcdn.net/hz/ed/listing-thumb-543w/9d04798f19804cdafe99ca92b64a66c8/-/horizon-files-prod/ed/picture/q2j0pezj/43a9808b209cd74dfd6cf6fc784da878fc916b8f.jpg
D'occasion,Nissan,2016,Automatique,Guediawaye,6 500 000 F Cfa,https://i.roamcdn.net/hz/ed/listing-thumb-543w/fa4d4457ee2a759a8064c6a7022651a5/-/horizon-files-prod/ed/picture/qde7xv6g/05caf3b71172cd76256b0392d7379d707b0621c2.jpg
D'occasion,Mercedes-Benz,2012,0,Cambérène,2 850 000 F Cfa,https://i.roamcdn.net/hz/ed/listing-thumb-543w/c4a79e2b442dc6eb49ebf5332708e75d/-/horizon-files-prod/ed/picture/qenvg0x9/9658aa98a4f74193109c6a4755397e6e2745e375.jpg
Venant,Citroen,2017,Manuelle,Rufisque,5 500 001 F Cfa,https://i.roamcdn.net/hz/ed/listing-thumb-543w/1f52697d3dd9efdc0e0dcb27172cbe31/-/horizon-files-prod/ed/picture/qngpr6vr/80cf629e8c0631bf1d835e23e680167d491793b5.jpg
Neuf,Ford,2013,Automatique,Parcelles Assainies,3 700 000 F Cfa,https://i.roamcdn.net/hz/ed/listing-thumb-543w/c770d735c1f05f545b4b13e76a3f551f/-/horizon-files-prod/ed/picture/qde7xvrw/6b8cfd16e9ea4e361b6c88729064fb3ff83aa1b9.jpg
Venant,Mazda,2017,Automatique,Bargny,13 000 000 F Cfa,https://i.roamcdn.net/hz/ed/listing-thumb-543w/461a2ddd7dba2054b7a1cd3ca697571c/-/horizon-files-prod/ed/picture/q78wne8x/78f5b6ac79984973f17d8405a557e95a8ab6c3c2.jpg
Venant,Renault,2016,Automatique,Almadies,7 000 000 F Cfa,https://i.roamcdn.net/hz/ed/listing-thumb-543w/e354a26ba7d3dab5d1819896ddcb12f3/-/horizon-files-prod/ed/picture/q56d7e80/0caff84c804d07ff55cc02e1ffadb625ec416649.jpg
D'occasion,Ford,2014,Automatique,Liberte 6,0,https://i.roamcdn.net/hz/ed/listing-thumb-543w/986126d326024eb5c730130ce58e325b/-/horizon-files-prod/ed/picture/q0g7ee7j/78ad60a3edeb03e3f3cdb19a441f12fd9ee8e7a3.jpg
Venant,Hyundai,2017,Automatique,VDN,10 800 000 F Cfa,https://i.roamcdn.net/hz/ed/listing-thumb-543w/78170d7ce1e6ebd3e007fd6c7ad9c65f/-/horizon-files-prod/ed/picture/q56d7ejr/8400d3f4a754e1b1c2abe80ba7d3b1eda0e78a33.jpg
Venant,Toyota,2026,Automatique,Liberte 6,15 500 000 F Cfa,https://i.roamcdn.net/hz/ed/listing-thumb-543w/461a991b3163d6716e3a5b6740b935cb/-/horizon-files-prod/ed/picture/q6xd0epz/b851369cf1210daaea2fd3a587d9bf520a8da713.jpg
Venant,Nissan,2018,Automatique,Médina,11 000 000 F Cfa,https://i.roamcdn.net/hz/ed/listing-thumb-543w/f781a14b148ab6f312dff32719a4e779/-/horizon-files-prod/ed/picture/qkr89wmn/653afaefe861e475fd5dc610b5fb493b6804c70e.jpg
Neuf,Mazda,2017,Manuelle,Nord foire,8 800 000 F Cfa,https://i.roamcdn.net/hz/ed/listing-thumb-543w/ff1be3ff044b8bff7898dd980d71e7c5/-/horizon-files-prod/ed/picture/qzvpg72g/89d9cf1eef3ccfdae7551f851d2799d3e59c5aad.jpg
Venant,Hyundai,2016,Automatique,Médina,10 500 000 F Cfa,https://i.roamcdn.net/hz/ed/listing-thumb-543w/0d633d85650e9e994fdc6bc88fc2f196/-/horizon-files-prod/ed/picture/q2j0p4z6/af400ee63c8775606d309cd84b08e1fbef5800d0.jpg
Venant,Mazda,2018,Automatique,Sicap foire,14 000 000 F Cfa,https://i.roamcdn.net/hz/ed/listing-thumb-543w/2b00da01f846440a7e973d744798342b/-/horizon-files-prod/ed/picture/q8v4qjz9/5400d9fbb0f887ce27e19a68705bea4f369c2f73.jpg
D'occasion,Ford,2012,Automatique,VDN,4 900 000 F Cfa,https://i.roamcdn.net/hz/ed/listing-thumb-543w/9583750521d548acdcd1147b9eaaef86/-/horizon-files-prod/ed/picture/q44nexdp/3e80d5e9285974796236baeed77fd72c29603736.jpg
Venant,Mazda,2020,Automatique,Sicap foire,14 000 000 F Cfa,https://i.roamcdn.net/hz/ed/listing-thumb-543w/9cefa0b8f8a058b72a4d5c22980947b8/-/horizon-files-prod/ed/picture/q78wnk7d/fdc37c8b9bcaa56d7d617936bc7044241b3cd354.jpg
Venant,Hyundai,2019,Automatique,VDN,11 000 000 F Cfa,https://i.roamcdn.net/hz/ed/listing-thumb-543w/cf2825e80a7286a5e8d00c464016188b/-/horizon-files-prod/ed/picture/qxjp5wv4/cdcc72fb00292e0f33544a3c79106e12612ef7ef.jpg
D'occasion,Nissan,2009,Automatique,VDN,3 500 000 F Cfa,https://i.roamcdn.net/hz/ed/listing-thumb-543w/4652744c87978b84f444fb7dfe5f6098/-/horizon-files-prod/ed/picture/qngpr4de/714a822d6e31b49c26791750508ac0d9af8e7c7c.jpg
Venant,BMW,2017,Automatique,VDN,12 000 000 F Cfa,https://i.roamcdn.net/hz/ed/listing-thumb-543w/1c8387e6f4d4159aecee365e8432b3ea/-/horizon-files-prod/ed/picture/q9mj4p8v/9dd261a68c287e174caf1e43acf41e4d8f898c9a.jpg
D'occasion,Nissan,2016,Automatique,Médina,5 999 999 F Cfa,https://i.roamcdn.net/hz/ed/listing-thumb-543w/d84bb0d9256e7a3db52da1d81cb1a3d0/-/horizon-files-prod/ed/picture/qv4wn2pv/f2bd69cb40df9459529924ec9399f848c7b6cf94.jpg
Venant,Hyundai,2017,Automatique,Médina,10 000 000 F Cfa,https://i.roamcdn.net/hz/ed/listing-thumb-543w/03c07a202f01e95b613d60f9f10737ba/-/horizon-files-prod/ed/picture/qenvg6q2/84fa2d8973db215de60077faf18b0a770a0492db.jpg
D'occasion,Peugeot,2013,Manuelle,Mbao,4 200 000 F Cfa,https://i.roamcdn.net/hz/ed/listing-thumb-543w/60bb7f16a58776f62c2fd6acaf3b4e07/-/horizon-files-prod/ed/picture/qngpr49e/8995432260e8859b89fd0fe42d19343889aea430.jpg
Venant,Mercedes-Benz,2016,Automatique,Nord foire,17 000 000 F Cfa,https://i.roamcdn.net/hz/ed/listing-thumb-543w/3a16fbd3ec46876cf46d0301209aabd0/-/horizon-files-prod/ed/picture/q44nx4jp/07aa9eaec3b233e6ff3a655a35c4121dff4cba9b.jpg
Venant,Hyundai,2017,Automatique,Sicap Liberté,9 500 000 F Cfa,https://i.roamcdn.net/hz/ed/listing-thumb-543w/c78bbd9b05766d2c94b3285148f2868e/-/horizon-files-prod/ed/picture/q44nzp7p/6ebe38fc26ce8d8d78e3b7067680e96dfd2147fa.jpg
D'occasion,Hyundai,2014,Automatique,Sicap foire,5 500 000 F Cfa,https://i.roamcdn.net/hz/ed/listing-thumb-543w/6ed744d8e1aa929b499b23fef9169bf3/-/horizon-files-prod/ed/picture/qm5g8zpr/f0cd691bb930aacb336e40e39872ee1bf5bdbc82.jpg
D'occasion,Ford,2016,Automatique,Guediawaye,5 000 000 F Cfa,https://i.roamcdn.net/hz/ed/listing-thumb-543w/ce14eada28edfd6ac35aae40835f9404/-/horizon-files-prod/ed/picture/qxjp452j/678e344e254171ed4ae599cea7464f029761ea27.jpg
D'occasion,Toyota,2020,Manuelle,Mermoz,25 000 000 F Cfa,https://i.roamcdn.net/hz/ed/listing-thumb-543w/bf7e5f700fd73623f39e608f09c5563f/-/horizon-files-prod/ed/picture/qrz8dgz5/c50ce970e4f740bbcb884f81b3577afe739c7e24.jpg
D'occasion,Range Rover,2012,Automatique,Almadies,6 500 000 F Cfa,https://i.roamcdn.net/hz/ed/listing-thumb-543w/24cabc639b4cf1dbf4d2748754d8fe8c/-/horizon-files-prod/ed/picture/q44ne5kv/9db0aba34c6e7cc858afb9a54557b6af2699d1d2.jpg
Venant,Hyundai,2019,Automatique,Guediawaye,13 700 000 F Cfa,https://i.roamcdn.net/hz/ed/listing-thumb-543w/bd829802548db6096bf725777d0509e0/-/horizon-files-prod/ed/picture/q78wnvgj/10d2148b2ac77fbfa0eb4bb064eb8c5c0c591fc7.jpg
Venant,Peugeot,2017,Automatique,Sacré-cœur,12 300 000 F Cfa,https://i.roamcdn.net/hz/ed/listing-thumb-543w/7cc19061e42b4386d86dca6a57ea6305/-/horizon-files-prod/ed/picture/q2j0p45e/d46cf3bf9d11d59435e8e9ad8debfc947f2377b1.jpg
Venant,Peugeot,2018,Automatique,Sacré-cœur,13 900 000 F Cfa,https://i.roamcdn.net/hz/ed/listing-thumb-543w/12a86dfc22cd35373a6bcc08c2403bb4/-/horizon-files-prod/ed/picture/q6xd0gm6/117d52e355a62519d646521b2f8d61233169f240.jpg
D'occasion,Peugeot,2010,Manuelle,Fenêtre mermoz,3 200 000 F Cfa,https://i.roamcdn.net/hz/ed/listing-thumb-543w/53295ca1688fe0744f496e6e9aa7b25d/-/horizon-files-prod/ed/picture/qkr894z5/f212144709ff8ee75bb07dc7aec2bc7aff7c6156.jpg
D'occasion,Citroen,2014,Manuelle,Sacré-cœur,3 500 000 F Cfa,https://i.roamcdn.net/hz/ed/listing-thumb-543w/ef202bd81272082af2657bb037e6abb2/-/horizon-files-prod/ed/picture/qenvg6jj/def2f79e4d77fde0443d561cceff647d3e834136.jpg
D'occasion,Ford,2014,Automatique,Sicap foire,2 700 000 F Cfa,https://i.roamcdn.net/hz/ed/listing-thumb-543w/39f8e09c0ab0aa465e138bb1cd138bc6/-/horizon-files-prod/ed/picture/qv4wn20j/952cfe36e89e65dfbbb91ac3c0e6f5289de069ed.jpg
Venant,Hyundai,2017,Automatique,Ngor,5 400 000 F Cfa,https://i.roamcdn.net/hz/ed/listing-thumb-543w/c30ef1b1f7ed3174dcc5204ba974ad77/-/horizon-files-prod/ed/picture/qde7x5q4/18c5f7c1539def7c56600ebd9929375b3b81b921.jpg
Venant,Ford,2014,Automatique,Cité Damel,3 000 000 F Cfa,https://i.roamcdn.net/hz/ed/listing-thumb-543w/0739e634bc43f79d5bf36638f9aba78f/-/horizon-files-prod/ed/picture/qenvg645/e54fef4b9d7005243f8b0ba475f167d2c855794b.jpg
D'occasion,Mazda,2015,Automatique,Colobane,5 800 000 F Cfa,https://i.roamcdn.net/hz/ed/listing-thumb-543w/3183e310846af88820cd1a06cbd65f87/-/horizon-files-prod/ed/picture/qq42pp8n/7e50cf4671bee3a3beb02692fae1561de5dc972a.jpg
D'occasion,Ford,2015,Automatique,Mbour,15 500 000 F Cfa,https://i.roamcdn.net/hz/ed/listing-thumb-543w/bf1140bdd15876628c0f76b37babe887/-/horizon-files-prod/ed/picture/qkr8997w/4efdb723e8bc15d432b34baaf2e780bff9354be8.jpg
Venant,Lincoln,2016,Automatique,Sicap foire,9 700 000 F Cfa,https://i.roamcdn.net/hz/ed/listing-thumb-543w/9df189ee5f84260d53ec9c52fe365076/-/horizon-files-prod/ed/picture/q78jvvq5/fd52394ffc8229de1582f2c57dac8e780a52220a.jpg
D'occasion,Mitsubishi,2019,Automatique,VDN,12 999 999 F Cfa,https://i.roamcdn.net/hz/ed/listing-thumb-543w/538817209054b71b89a2387a9d9599f3/-/horizon-files-prod/ed/picture/qv4wnjk8/38730bd657f88a52634c54e177cd7b2360a4fa20.jpg
Neuf,Mazda,2016,Automatique,VDN,9 700 000 F Cfa,https://i.roamcdn.net/hz/ed/listing-thumb-543w/90c383c927df5f42a16ad87594aca54b/-/horizon-files-prod/ed/picture/q9mj4rm7/6e91d438f189bc16ad821e0f217c40c67e9305ce.jpg
D'occasion,Mercedes-Benz,2009,Automatique,Grand-Dakar,10 000 000 F Cfa,https://i.roamcdn.net/hz/ed/listing-thumb-543w/ca343c9e6375287394dc76c15e62b8be/-/horizon-files-prod/ed/picture/qde75478/798b998b4068ffb8c5922a7dfb1de5b70b76b8cd.jpg
D'occasion,Jeep,2017,Automatique,Liberte 6,0,https://i.roamcdn.net/hz/ed/listing-thumb-543w/019c47c00849e86a9529e9b282c11222/-/horizon-files-prod/ed/picture/qpdmx6xj/97798c91df2cc45423a5cf0ca584392a7d1e35c3.jpg
Venant,Ford,2016,Automatique,Ouest foire,8 300 000 F Cfa,https://i.roamcdn.net/hz/ed/listing-thumb-543w/2ca64a519c4bf48ec253e8eb2d991f58/-/horizon-files-prod/ed/picture/q8v4j7rp/d1936638831c70418f723317e8d0ac93665f508c.jpg
Venant,Hyundai,2016,Automatique,Ngor,5 200 000 F Cfa,https://i.roamcdn.net/hz/ed/listing-thumb-543w/1922ddef8f3cb72a61e0d89665c1a9a5/-/horizon-files-prod/ed/picture/qwermmvd/f40aee5a1cb183a5f0a80fa9652edf940daf81a3.jpg
Venant,Hyundai,2017,Automatique,Parcelles Assainies,9 000 000 F Cfa,https://i.roamcdn.net/hz/ed/listing-thumb-543w/808eea25c64872f8b8343c4f9c999c21/-/horizon-files-prod/ed/picture/q78wk4vg/0e807bd4a80e8699e89e9dbbb203eacba599d021.jpg
D'occasion,Jeep,2015,Automatique,Rufisque,9 000 000 F Cfa,https://i.roamcdn.net/hz/ed/listing-thumb-543w/136bc349f166dc8a1a1ee0290d7ec7e1/-/horizon-files-prod/ed/picture/qpdgppkj/ed42c18a399ad1c789ed8eab3bae3ac844b4b88d.jpg
D'occasion,Hyundai,2008,Manuelle,Cité Damel,2 500 000 F Cfa,https://i.roamcdn.net/hz/ed/listing-thumb-543w/4f156688a8b79cf6bc9b8653f4f47441/-/horizon-files-prod/ed/picture/qv4dmm5v/9d5c6228d5e92181c0a09803367a7962bb3ee326.jpg
D'occasion,BMW,2014,Automatique,Sicap foire,15 000 000 F Cfa,https://i.roamcdn.net/hz/ed/listing-thumb-543w/03c4e188b3b697c23596b2624386422f/-/horizon-files-prod/ed/picture/qm50mmzg/317ca43dc6543dd24d01f71213ea39d29be8434d.jpg
Venant,Kia,2016,Automatique,Thiès,6 900 000 F Cfa,https://i.roamcdn.net/hz/ed/listing-thumb-543w/fcadc03da00e8f8754c3d9ad216d0329/-/horizon-files-prod/ed/picture/qenrdn9z/da824b7f50c29b4e31f0c429e2e8f65f75b923ed.jpg
Venant,Volkswagen,2018,Automatique,VDN,17 500 000 F Cfa,https://i.roamcdn.net/hz/ed/listing-thumb-543w/96971921521ad990548f00f399eb9dac/-/horizon-files-prod/ed/picture/qj46m42v/ada42971d5eb23edf3f89bbcc637203bfaa630e3.jpg
D'occasion,Renault,2017,Manuelle,Grand-Yoff,10 000 000 F Cfa,https://i.roamcdn.net/hz/ed/listing-thumb-543w/6ba82255d5f1476c7fef87451b15c511/-/horizon-files-prod/ed/picture/qj4q8j86/1e691bdcbbcf47de49d72a92fa8214ffcad396e9.jpg
D'occasion,Mitsubishi,2014,Automatique,Fass,5 800 000 F Cfa,https://i.roamcdn.net/hz/ed/listing-thumb-543w/e7d16c88d6cd8a9e9088bbd417146c6c/-/horizon-files-prod/ed/picture/qgqm5qjn/c85a6e9a4dc0b856071714c965178cfcaeab3dd8.jpg
Venant,BMW,2013,Automatique,Ouest foire,7 300 000 F Cfa,https://i.roamcdn.net/hz/ed/listing-thumb-543w/32d308f8ccf7466571afef7b2c51606a/-/horizon-files-prod/ed/picture/qq4zq4kk/73c124f21a503edee7dff6e6978745c34ab28dd3.jpg
Venant,Ford,2018,Automatique,Dieuppeul,8 450 000 F Cfa,https://i.roamcdn.net/hz/ed/listing-thumb-543w/08dc2dc7fcfd31303e06254754546071/-/horizon-files-prod/ed/picture/qpdgppxj/a264659f5eed421f35e2df1906e208794847fded.jpg
Venant,Chevrolet,2017,Automatique,Thiès,7 900 000 F Cfa,https://i.roamcdn.net/hz/ed/listing-thumb-543w/2a61b47f2bb18d0fa5d2af4afecd84ab/-/horizon-files-prod/ed/picture/qng95g4k/c6281f5e0a22fc6c4a264467f49c0b795c905147.jpg
D'occasion,Ford,2012,Automatique,Guediawaye,2 900 000 F Cfa,https://i.roamcdn.net/hz/ed/listing-thumb-543w/d4792bb5f7e1e129d31ba74fc3de7851/-/horizon-files-prod/ed/picture/qzv82v7r/971e06b2e530d0b9d362a002b991013aa78529d2.jpg
Venant,Ford,2020,Automatique,Grand-Dakar,16 000 000 F Cfa,https://i.roamcdn.net/hz/ed/listing-thumb-543w/56c3b58eabf3a4b5515236279c8b61c4/-/horizon-files-prod/ed/picture/qj46m4n4/6e7254ce899ed2ff8e23f64a9d5eb23dcc23fea3.jpg
Venant,Ford,2015,Automatique,Hann maristes,7 900 000 F Cfa,https://i.roamcdn.net/hz/ed/listing-thumb-543w/01a7a800e278c21e8f952f26dd2b6a67/-/horizon-files-prod/ed/picture/q9mj4dd7/a613c409d9a82511cecc52421a3529fcfc145fe8.jpg
Venant,Citroen,2016,Automatique,Mamelles,6 000 000 F Cfa,https://i.roamcdn.net/hz/ed/listing-thumb-543w/f97a03866e88d7010db147d291856659/-/horizon-files-prod/ed/picture/q445jd8r/fe2567f95fd29c4e73027adf1482f42598af0dd5.jpg
D'occasion,Mercedes-Benz,2016,Automatique,VDN,14 000 000 F Cfa,https://i.roamcdn.net/hz/ed/listing-thumb-543w/2ffd2f1638611f22dd9d1236b040781c/-/horizon-files-prod/ed/picture/qwermzw6/0a8d5f841ec1c95f397e1d756fa6eaadf11b049f.jpg
D'occasion,Mazda,2016,Automatique,Colobane,7 500 000 F Cfa,https://i.roamcdn.net/hz/ed/listing-thumb-543w/f46cd45d1e430e4baf8042d394d05fa4/-/horizon-files-prod/ed/picture/qm5g88dj/1955836447494121e0bb66371266bd28de380d00.jpg
Venant,Hyundai,2020,Automatique,Diourbel,9 000 000 F Cfa,https://i.roamcdn.net/hz/ed/listing-thumb-543w/9b3f889702922a143d9df5133cdb007f/-/horizon-files-prod/ed/picture/qq4zqdkw/cd42042decf53a8224cb227901954dc7ff388e8e.jpg
Venant,Hyundai,2013,Automatique,Liberte 6,4 000 000 F Cfa,https://i.roamcdn.net/hz/ed/listing-thumb-543w/26539fdfe48865384102ffd165be5838/-/horizon-files-prod/ed/picture/qde9rkk4/51cbe8e6adb2795286738333345256d98b943044.jpg
Neuf,Mitsubishi,2022,Automatique,Plateau,30 000 000 F Cfa,https://i.roamcdn.net/hz/ed/listing-thumb-543w/239b19f4655fd5ddcc9df0e131e1c839/-/horizon-files-prod/ed/picture/qxj8d2gm/2ae57cc0371dd112bf47a30b75bf4bb7d37718f9.jpg
D'occasion,Mazda,2018,Automatique,Liberte 6,8 000 000 F Cfa,https://i.roamcdn.net/hz/ed/listing-thumb-543w/b0d1798b16204570552c3b3491e1b17b/-/horizon-files-prod/ed/picture/qenrdqw5/18be0294577e23a4dae42c6a58dc0add1e881040.jpg
D'occasion,Ford,2014,Automatique,Liberte 6,4 700 000 F Cfa,https://i.roamcdn.net/hz/ed/listing-thumb-543w/a153bd992629a09f8e73cfd1c0adf17e/-/horizon-files-prod/ed/picture/q445j8p2/4862a0d4f4bb0a6bbabc5c9c2d2ee3f7635013dd.jpg
D'occasion,Mazda,2016,Automatique,Liberte 6,7 500 000 F Cfa,https://i.roamcdn.net/hz/ed/listing-thumb-543w/d21ac985c5924f00c88a33ad5e953f2e/-/horizon-files-prod/ed/picture/qkr7mg0j/2fb3255fcecb9fbe06e3d274a549c7cbbec7f60d.jpg
D'occasion,Mitsubishi,2015,Automatique,Liberte 6,8 500 000 F Cfa,https://i.roamcdn.net/hz/ed/listing-thumb-543w/86ea5dd719b10c5fd6c312105fb9b2e5/-/horizon-files-prod/ed/picture/qde9rk4r/f0613b5bc4b10ab7661a97611cd0ed192c81c149.jpg
D'occasion,Kia,2021,Manuelle,VDN,10 000 000 F Cfa,https://i.roamcdn.net/hz/ed/listing-thumb-543w/1f92b928e746755a4b07be3aba9898df/-/horizon-files-prod/ed/picture/qrzr2v48/76d6779ecb77b3ab26ca2aa604910923cc839efd.jpg
Venant,Mercedes-Benz,2017,Automatique,Thiès,18 000 000 F Cfa,https://i.roamcdn.net/hz/ed/listing-thumb-543w/b8de91bab0ebd100785553084fec7308/-/horizon-files-prod/ed/picture/qxj8d6jq/fddbbc046fd74bddf4326f7d971c7572c00cbadc.jpg
D'occasion,Renault,2013,Manuelle,Amitié,3 250 000 F Cfa,https://i.roamcdn.net/hz/ed/listing-thumb-543w/3c04d9c50b7b5720eb2bf3f67eda8af6/-/horizon-files-prod/ed/picture/qxjp0062/c90d3775c0ddf61e6dc20d522dd249cab60f4320.jpg
Venant,Hyundai,2016,Automatique,Sud foire,10 000 000 F Cfa,https://i.roamcdn.net/hz/ed/listing-thumb-543w/160a2766df6574e12fad70f9f354d14f/-/horizon-files-prod/ed/picture/qgqw6z9m/fb1917df0112698c25d78575fa0e150587f0e3ce.jpg
D'occasion,Ford,2010,Automatique,Amitié,2 200 000 F Cfa,https://i.roamcdn.net/hz/ed/listing-thumb-543w/705b99ba84b03e75c528c720e03962d3/-/horizon-files-prod/ed/picture/qng95xmz/3e218e3b7788cb1abaffb2438729d02445489444.jpg
D'occasion,Ford,2017,Automatique,Plateau,5 250 000 F Cfa,https://i.roamcdn.net/hz/ed/listing-thumb-543w/0fe6e01b1df3c8f7ba0d8ea2adb9fc3a/-/horizon-files-prod/ed/picture/q0g7qvxx/4b6dc3814ae69e8e269eeaeb9a23d5327529637c.jpg
D'occasion,Land Rover,2016,0,Hann maristes,21 000 000 F Cfa,https://i.roamcdn.net/hz/ed/listing-thumb-543w/8991d3ada6f19ff29f44cdda05ee4344/-/horizon-files-prod/ed/picture/qxj8dpdw/c2000042792407b2ff6e714c1badb7c865134d28.jpg
D'occasion,Ford,2012,Automatique,Mermoz,2 800 000 F Cfa,https://i.roamcdn.net/hz/ed/listing-thumb-543w/0503ad80d15e4d72693a157ad94d012e/-/horizon-files-prod/ed/picture/q78jvw8e/64606b2ef5faa034eb9376939a10433896a3c623.jpg
Venant,Hyundai,2017,Automatique,Liberte 6,6 200 000 F Cfa,https://i.roamcdn.net/hz/ed/listing-thumb-543w/ddbfdd4d08770a87ba9fddba70ec4fb6/-/horizon-files-prod/ed/picture/qzv82prn/ab1e6ae442e0e021048a278ae267ee434b1dfb17.jpg
D'occasion,Jeep,2015,Automatique,Cité Damel,7 700 000 F Cfa,https://i.roamcdn.net/hz/ed/listing-thumb-543w/f9ac5de669ff799ff3610b5245d98da2/-/horizon-files-prod/ed/picture/qxjp4ejv/bf365cc24fe63132248a4a08a6fe1b337dd52be2.jpg
Venant,Hyundai,2018,Automatique,Cité Damel,7 400 000 F Cfa,https://i.roamcdn.net/hz/ed/listing-thumb-543w/1f5b12788d42a25df6f3ebe1641a9f70/-/horizon-files-prod/ed/picture/qkr895pz/7d6c614f735044980d6a9d5437c385324deed266.jpg
Venant,Hyundai,2017,Automatique,Sicap foire,11 000 000 F Cfa,https://i.roamcdn.net/hz/ed/listing-thumb-543w/2fcaef6cd3685887d7a62d9c0507de78/-/horizon-files-prod/ed/picture/q9mj4px7/e6ca63542904731b3712cfc3029c21cc50805eae.jpg
D'occasion,Ford,2013,Automatique,Cité Damel,4 100 000 F Cfa,https://i.roamcdn.net/hz/ed/listing-thumb-543w/13323aeb5bf51d28bf56f2b87233be95/-/horizon-files-prod/ed/picture/q78jvwjg/fcf00c51afb8e3591b2d0dc8dcc4acf5b76ccc6c.jpg
D'occasion,Citroen,2010,Manuelle,Almadies,2 700 F Cfa,https://i.roamcdn.net/hz/ed/listing-thumb-543w/563e2d05a75723b7c2cb160a46ec2807/-/horizon-files-prod/ed/picture/q0gkpk8j/27b2d3999c0f2aecc6fc96021646f43b1faa0919.jpg
Venant,Kia,2017,Automatique,VDN,9 700 000 F Cfa,https://i.roamcdn.net/hz/ed/listing-thumb-543w/5116090d342cf97c8142a68f33bd491b/-/horizon-files-prod/ed/picture/qm5g8276/9e4ced0e0a88d9e4d2cce1ae1b82eba1ed22614e.jpg
Venant,Hyundai,2017,Automatique,VDN,10 300 000 F Cfa,https://i.roamcdn.net/hz/ed/listing-thumb-543w/b599aa54a4f2a0061098533a72f21ded/-/horizon-files-prod/ed/picture/qgqw2x64/8ca44750f48dd4424ef04157b61945d7e561c90a.jpg
Venant,Ford,2019,Automatique,Point-e,28 000 000 F Cfa,https://i.roamcdn.net/hz/ed/listing-thumb-543w/234876a3a430ce5e5fd1f4317c783c8a/-/horizon-files-prod/ed/picture/qxjp5exz/e3e304739b5771a7e4eda7cbf5197caa1074213d.jpg
Venant,Mercedes-Benz,2018,Automatique,Liberte 6,17 500 000 F Cfa,https://i.roamcdn.net/hz/ed/listing-thumb-543w/a45b70e60bfe28f69baa30f5cb34c749/-/horizon-files-prod/ed/picture/q8v4qp2j/522d2a245f264f39fc32541c17f5d58c81bc5e71.jpg
Venant,Toyota,2021,Automatique,VDN,23 000 000 F Cfa,https://i.roamcdn.net/hz/ed/listing-thumb-543w/1abd4618e66bff369d204829973c9f71/-/horizon-files-prod/ed/picture/qng9596r/a495d9e2d3701bec18ef8a0a537562916c292d92.jpg
Venant,Kia,2017,Automatique,VDN,9 700 000 F Cfa,https://i.roamcdn.net/hz/ed/listing-thumb-543w/8308f5d04cbb527d42852c0f5af5f896/-/horizon-files-prod/ed/picture/q445j5k8/fbb8e7ee791bce93c4baa190d9d9e6aeeca38e55.jpg
Neuf,Hyundai,2017,Automatique,VDN,10 700 000 F Cfa,https://i.roamcdn.net/hz/ed/listing-thumb-543w/9574fdb4b7474231bd325d4d364c7528/-/horizon-files-prod/ed/picture/q2jkzk6d/c56c6d9f0cfbab073fd0c57d489c473b43f575ef.jpg
D'occasion,Ford,2014,Automatique,Hann maristes,3 000 000 F Cfa,https://i.roamcdn.net/hz/ed/listing-thumb-543w/996c19128509d78284d685a65e803850/-/horizon-files-prod/ed/picture/q56pw48e/91223712b23225f9ac7bb920a8991d9de6ddb1f8.jpg
Venant,Hyundai,2017,Automatique,VDN,10 300 000 F Cfa,https://i.roamcdn.net/hz/ed/listing-thumb-543w/0cdc676b2c5b27b412e225be4ebdf61a/-/horizon-files-prod/ed/picture/q0gkpnpd/06db3701ab16a143ef2e37d48dd3eee92f4e7997.jpg
Venant,Renault,2017,Automatique,Fenêtre mermoz,7 700 000 F Cfa,https://i.roamcdn.net/hz/ed/listing-thumb-543w/191697b09611a9531384e11b6342a3f7/-/horizon-files-prod/ed/picture/q0g7mknd/6cb6b4146ca26782b11a808aa5e2e8827dc24cf3.jpg
D'occasion,Mitsubishi,2016,Automatique,Ouest foire,6 500 000 F Cfa,https://i.roamcdn.net/hz/ed/listing-thumb-543w/63bb4707345ac602898414765acbf8bb/-/horizon-files-prod/ed/picture/qq4zq2xe/dd3970a161dc8035b39c95a6ac7389d748d08dbf.jpg
Venant,Range Rover,2017,Automatique,Point-e,54 000 000 F Cfa,https://i.roamcdn.net/hz/ed/listing-thumb-543w/9268fdd62834f7e31a305a98746da969/-/horizon-files-prod/ed/picture/qkr8476z/a815b13d48a7a0c110fc71f9e8a404a7a64b94d9.jpg
Venant,Hyundai,2024,Automatique,Almadies,21 000 000 F Cfa,https://i.roamcdn.net/hz/ed/listing-thumb-543w/a751528ec3acbbb248e22db84ab82dfa/-/horizon-files-prod/ed/picture/qngp4jnm/2b78d3658663da0043573793742bd2878c481fb3.jpg
Venant,BMW,2015,0,Amitié,15 000 000 F Cfa,https://i.roamcdn.net/hz/ed/listing-thumb-543w/03c18aabc442cb70474a8debf80da977/-/horizon-files-prod/ed/picture/q2jkz7nq/96298f0a388bc1d6247ee9b26a406a24476ba519.jpg
D'occasion,Kia,2013,Automatique,Liberte 5,3 500 000 F Cfa,https://i.roamcdn.net/hz/ed/listing-thumb-543w/4a334c4f205db1336ba76860283f2834/-/horizon-files-prod/ed/picture/q0gkpn7m/79755fe76c81862975824eecfd9396a43822fd1f.jpg
D'occasion,BMW,2015,Automatique,Fann,10 F Cfa,https://i.roamcdn.net/hz/ed/listing-thumb-543w/2218fcd03f10c76fddb4e398de6b3ff3/-/horizon-files-prod/ed/picture/qq4zq94k/4676c36f98c036cd6416d8881f93ef7cbcff7f47.jpg
D'occasion,Mitsubishi,2024,Manuelle,Fass,15 500 000 F Cfa,https://i.roamcdn.net/hz/ed/listing-thumb-543w/b3e50a2b9249db4830e931cb56e96408/-/horizon-files-prod/ed/picture/qwermnzg/aa0514346a45b91f063f9354acfb96aa4c3b7fc6.jpg
D'occasion,Hyundai,2014,Automatique,Fass,6 700 000 F Cfa,https://i.roamcdn.net/hz/ed/listing-thumb-543w/f133d8e413bbb7f4e2f7a589848fd70f/-/horizon-files-prod/ed/picture/qgqm54gk/dfb7875600bca8554ef7651f357bc48f806d5461.jpg
D'occasion,Mercedes-Benz,2013,Tiptronic,Aere Lao,12 000 000 F Cfa,https://i.roamcdn.net/hz/ed/listing-thumb-543w/a2ee11ec71387f770e7192d254a152b7/-/horizon-files-prod/ed/picture/q445jrdp/ffd4a93de420369a085d32136f4301a661517670.jpg
D'occasion,Kia,2018,Manuelle,Hann maristes,6 800 000 F Cfa,https://i.roamcdn.net/hz/ed/listing-thumb-543w/ed564fe3ba8ee11f67be269c682a7bb2/-/horizon-files-prod/ed/picture/qde9rdk8/88ff11f3c455ae5fbba227cfa3e7cca83b913503.jpg
D'occasion,Volkswagen,2017,Automatique,Keur Massar,3 800 000 F Cfa,https://i.roamcdn.net/hz/ed/listing-thumb-543w/d39fe325130992a20d26005424e6c4b0/-/horizon-files-prod/ed/picture/q8v4qqr7/9887cd63ded96a43262195bd05dc936533dbb41c.jpg
Venant,Hyundai,2020,Automatique,Parcelles Assainies,6 700 000 F Cfa,https://i.roamcdn.net/hz/ed/listing-thumb-543w/242075afb79e7c502b6e2aefe5d013f7/-/horizon-files-prod/ed/picture/q8vm0k4j/ae9a205452131d0db3c2a811c206731d8ee05960.jpg
D'occasion,Fiat,2016,Manuelle,Thiès,1 500 000 F Cfa,https://i.roamcdn.net/hz/ed/listing-thumb-543w/c2269ce4a1b3fa3b97e1f977f1bf21f7/-/horizon-files-prod/ed/picture/qng950p9/4cf1d5f2df388758bb1258a2e0d36de8816584ca.jpg
Venant,Chevrolet,2016,Automatique,Pikine,6 700 000 F Cfa,https://i.roamcdn.net/hz/ed/listing-thumb-543w/717d2a8bdccdd0c7948b355baf4998d8/-/horizon-files-prod/ed/picture/qq42m79w/8d3a078412b29e961e8e22406f719fe8c5c9b027.jpg
D'occasion,Citroen,2014,Manuelle,Mermoz,3 000 000 F Cfa,https://i.roamcdn.net/hz/ed/listing-thumb-543w/2de11b55048a35fe42abb099bef7a813/-eyJvciI6OTB9/horizon-files-prod/ed/picture/q56pwrzg/845fbbe689a0d593e2535333939e6eba457304dd.jpg
D'occasion,Ford,2013,Automatique,Sicap Sacré-cœur,3 500 000 F Cfa,https://i.roamcdn.net/hz/ed/listing-thumb-543w/45efd7659ff6eeb3a28804ed7f63879b/-eyJvciI6OTB9/horizon-files-prod/ed/picture/q445jrre/f8e36d3fcac3d3301028932f52b2e2f4c56d3716.jpg
Venant,Kia,2018,Automatique,Sacré-cœur,10 000 000 F Cfa,https://i.roamcdn.net/hz/ed/listing-thumb-543w/26630ac9a6309d2fe67947eabaa0b73d/-eyJvciI6OTB9/horizon-files-prod/ed/picture/q8vm0kkj/aa623e58a66471643c58fd624b3efea04159224b.jpg
D'occasion,Mercedes-Benz,2019,Automatique,Sacré-cœur,16 500 000 F Cfa,https://i.roamcdn.net/hz/ed/listing-thumb-543w/2d6b09e71c269ff11c1d0fa490674237/-/horizon-files-prod/ed/picture/q9mj40p0/c322bb068fde12eb53e4d4c07c550c3ac128cb3a.jpg
Neuf,Suzuki,2024,Automatique,Fass,18 000 000 F Cfa,https://i.roamcdn.net/hz/ed/listing-thumb-543w/bafb02dc3c058f2d692b7f0e9db37d50/-/horizon-files-prod/ed/picture/qng950qm/0bad25e1e22b89a766f8e4e8b58350a7a891acc7.jpg
Venant,Ford,2016,Automatique,Almadies,5 900 000 F Cfa,https://i.roamcdn.net/hz/ed/listing-thumb-543w/7c18d83f8bf6878ce3b9f46519d255f2/-/horizon-files-prod/ed/picture/qrz8ppqq/2cae0cb57caa2092304ba1c34da3b870d96fa8a8.jpg
Venant,Hyundai,2022,Automatique,Bel air,17 000 000 F Cfa,https://i.roamcdn.net/hz/ed/listing-thumb-543w/7ac1d5fb17bc4f878335893f04771685/-/horizon-files-prod/ed/picture/qv4w755g/2b124ccf4fae3fd6e3db1f2fc5bfabc1b2c51c14.jpg
Venant,Citroen,2018,Manuelle,Yoff,6 500 000 F Cfa,https://i.roamcdn.net/hz/ed/listing-thumb-543w/a7afd29c1b06984a0bee5f18da7e2ffc/-/horizon-files-prod/ed/picture/q44nxwpz/f44faf60d736a6139feaeace61256538705352fa.jpg
Venant,BMW,2016,Automatique,Sicap foire,9 800 000 F Cfa,https://i.roamcdn.net/hz/ed/listing-thumb-543w/216206d8f219597d5b837bb3c7ddad54/-/horizon-files-prod/ed/picture/qrzr269m/810c3cc2760b353c7acddaaa5b31749e2dc324c4.jpg
D'occasion,Mitsubishi,2015,Automatique,Patte d‘oie,8 500 000 F Cfa,https://i.roamcdn.net/hz/ed/listing-thumb-543w/2fdeb4e37e5b9360c33f528418372a35/-/horizon-files-prod/ed/picture/q78jvx2j/efb299e69fb3d458040e48f9abf42928591af379.jpg
Venant,Hyundai,2018,Automatique,Castor,11 000 000 F Cfa,https://i.roamcdn.net/hz/ed/listing-thumb-543w/d10d29aa5310f32b022c8e9ffa2f011f/-/horizon-files-prod/ed/picture/qkr7m6zp/adffa3355143c83a4b5c2f89c110ea06c1ebec23.jpg
Venant,Hyundai,2018,Automatique,VDN,12 800 000 F Cfa,https://i.roamcdn.net/hz/ed/listing-thumb-543w/e7b6c6fa3b7ce542b7d72da750cc76be/-/horizon-files-prod/ed/picture/q8v4e5xx/87846ac9676ef415ac24c9160fa6eec344dda031.jpg
Venant,Kia,2016,Automatique,VDN,10 500 000 F Cfa,https://i.roamcdn.net/hz/ed/listing-thumb-543w/e76e81331f5d6168903726d943705be0/-/horizon-files-prod/ed/picture/q8vm09pr/f906a7c0910d2f8fd3a908990bf8384202ad5787.jpg
Venant,Ford,2021,Automatique,VDN,26 000 000 F Cfa,https://i.roamcdn.net/hz/ed/listing-thumb-543w/816080b3729be0777a0a8b0bfd9d8547/-/horizon-files-prod/ed/picture/qenv0r6z/4682d3c0f36d44783b35fd89c9a7339d77aba34b.jpg
Venant,Kia,2018,Automatique,Sacré-cœur,12 000 000 F Cfa,https://i.roamcdn.net/hz/ed/listing-thumb-543w/9e3981f110c95eac1648978b0dc5d190/-/horizon-files-prod/ed/picture/qq42j4xk/555c3b0d7432bf59f3bacb9feabf3bac0634def1.jpg
D'occasion,Kia,2014,Automatique,Nord foire,5 000 000 F Cfa,https://i.roamcdn.net/hz/ed/listing-thumb-543w/2badb1b1283b80823018bf5f14491913/-/horizon-files-prod/ed/picture/qgqwv5m8/66b3575465d42282374bc102bb7b919167d7f7c8.jpg
Venant,Nissan,2017,Automatique,VDN,6 500 000 F Cfa,https://i.roamcdn.net/hz/ed/listing-thumb-543w/a25447751523d88971769aadd97467a8/-/horizon-files-prod/ed/picture/q9mk0nrw/076191323e123fb5396791e80f2988425a45840e.jpg
D'occasion,GMC,2012,Automatique,Yoff,2 350 000 F Cfa,https://i.roamcdn.net/hz/ed/listing-thumb-543w/4547deb2d0862d0ce54a05ecddd2e2cd/-/horizon-files-prod/ed/picture/q6xd08zn/d7687127e76fa3b96815bb2b25d781abcc5ec1f5.jpg
Venant,Citroen,2017,Manuelle,Yoff,6 000 000 F Cfa,https://i.roamcdn.net/hz/ed/listing-thumb-543w/b6a3ffeda4d806718b5e148a34da31c8/-/horizon-files-prod/ed/picture/q78jv0gx/7831099379befcfb90756156fedfb5c05f762ff9.jpg
D'occasion,Peugeot,2015,Automatique,Keur Massar,5 000 000 F Cfa,https://i.roamcdn.net/hz/ed/listing-thumb-543w/baea308fc6c91993c292fa96762e88ee/-/horizon-files-prod/ed/picture/q8v4qe8p/6f038d12ef2dbc16f2c4740dec83f1db0e791f8c.jpg
Venant,Hyundai,2020,Automatique,Cité Damel,13 300 000 F Cfa,https://i.roamcdn.net/hz/ed/listing-thumb-543w/8a5d293f6fba52a2d5e8d4b14fbc33f3/-/horizon-files-prod/ed/picture/q6xq7vnn/e68289151b3622230ea3adfa96cb57b6786ecbfe.jpg
Venant,Buick,2018,Automatique,Cité Damel,7 800 000 F Cfa,https://i.roamcdn.net/hz/ed/listing-thumb-543w/7866c5742535820a6c1e9174183e0197/-/horizon-files-prod/ed/picture/q9mk0nv6/de70a31d084174ce15d6a4f4c06aa08a5e9bc7a5.jpg
Neuf,Toyota,2015,Automatique,Cité Damel,7 300 000 F Cfa,https://i.roamcdn.net/hz/ed/listing-thumb-543w/18bad11a112616ba77dea4d97e1c6e2d/-/horizon-files-prod/ed/picture/q0gkp96z/a4a93143c0cb2ce663236ec5e57a801d1525c8cd.jpg
D'occasion,Mazda,2012,Automatique,Thiès,3 500 000 F Cfa,https://i.roamcdn.net/hz/ed/listing-thumb-543w/11804e21e6755092477cfc055f19a275/-/horizon-files-prod/ed/picture/qng959mr/539a9ec27200f250ce875e39a8dd35c49682b8b4.png
Venant,BMW,2016,Automatique,Hlm,9 000 000 F Cfa,https://i.roamcdn.net/hz/ed/listing-thumb-543w/1d9f686ec29f7442a2145bcb2a111431/-/horizon-files-prod/ed/picture/q8vm0g56/7e511709202ec21d828fcee2e21c4d55dccdeadd.jpg
D'occasion,Toyota,2015,Automatique,Liberte 6 extension,16 000 000 F Cfa,https://i.roamcdn.net/hz/ed/listing-thumb-543w/a85644e521234014ce884bc81dcb5867/-/horizon-files-prod/ed/picture/qzv82xpx/42238bc85f1c2bb6cd0a3b610a203ceee5da5d0d.jpg
D'occasion,Toyota,2018,Automatique,Liberte 6,9 200 000 F Cfa,https://i.roamcdn.net/hz/ed/listing-thumb-543w/362e80be8f65e4539a68859ff97d4c2a/-/horizon-files-prod/ed/picture/qm50mn69/f0fe12ec06f22a06d52d5ba8626226b87698c8a2.jpg
D'occasion,Peugeot,2022,Automatique,Mermoz,16 000 000 F Cfa,https://i.roamcdn.net/hz/ed/listing-thumb-543w/94211172df4e6c349ac31fb7b398a43c/-/horizon-files-prod/ed/picture/qwepqdzg/c15358df8c1e4ca0dc5e68b674a86d79c3708947.jpg
Venant,Mercedes-Benz,2018,Automatique,Liberte 6,15 000 000 F Cfa,https://i.roamcdn.net/hz/ed/listing-thumb-543w/b1572072840df21276a1e0386feb3ab1/-/horizon-files-prod/ed/picture/qrzr27j5/0ea53a9730d4148511052d9f1fe9b29936ef6fbf.jpg
Venant,Toyota,2017,Manuelle,Almadies,9 950 000 F Cfa,https://i.roamcdn.net/hz/ed/listing-thumb-543w/fa4bb186c3d43eb169d5da838477805c/-/horizon-files-prod/ed/picture/qrzr2nrn/54eeaff9165dfeaff62a268fe2360f3e161849cc.jpg
Venant,Ford,2016,Automatique,Cité Damel,6 500 000 F Cfa,https://i.roamcdn.net/hz/ed/listing-thumb-543w/d3de59e780b9495959ae4dbb87fe9900/-/horizon-files-prod/ed/picture/q56dmen7/08197188c0a369562f955b22d854a0bf629494de.jpg
Venant,Chevrolet,2019,Automatique,Cité Damel,10 000 000 F Cfa,https://i.roamcdn.net/hz/ed/listing-thumb-543w/23132ec200583d8c0c9cbb35a5a8687f/-/horizon-files-prod/ed/picture/qrz8d2xx/e1d777dbfefa11602e088efb4906b6c67f66ac12.jpg
Venant,Range Rover,2018,Automatique,VDN,32 000 000 F Cfa,https://i.roamcdn.net/hz/ed/listing-thumb-543w/296ff48df155dcadc21d7b1923c51cdd/-/horizon-files-prod/ed/picture/qrzr2702/32072e9c85710193cd8e24b05183a5a80e7dd6fd.jpg
Venant,Range Rover,2017,Automatique,VDN,14 500 000 F Cfa,https://i.roamcdn.net/hz/ed/listing-thumb-543w/8c9c8160b4c35b663c02803d0a069d50/-/horizon-files-prod/ed/picture/q78jvgmd/4b15839060d072c3969617f1b975d205a02e039f.jpg
D'occasion,Dodge,2012,Automatique,VDN,3 700 000 F Cfa,https://i.roamcdn.net/hz/ed/listing-thumb-543w/3aef52d39e90766ab672426321e83f6b/-/horizon-files-prod/ed/picture/qgqm58rr/6a106fbec0ea16b738cbd4b9397aecc706b11518.jpg
D'occasion,Citroen,2017,Manuelle,Hlm grand-yoff,4 500 000 F Cfa,https://i.roamcdn.net/hz/ed/listing-thumb-543w/cefdba02ffa5ef4738b0c60b1c8c5622/-/horizon-files-prod/ed/picture/qde9rnq5/4e9dd86626ff02c7fe340b775978667b03612711.jpg
Venant,Kia,2020,Automatique,Nord foire,27 000 000 F Cfa,https://i.roamcdn.net/hz/ed/listing-thumb-543w/3401646bd4b0946d7afeec89a385bdd8/-/horizon-files-prod/ed/picture/qgqm58pk/34ffba9eb185c09730f141af60a5e0aa2b53cd48.jpg
D'occasion,BMW,2019,Automatique,Almadies,25 000 000 F Cfa,https://i.roamcdn.net/hz/ed/listing-thumb-543w/d450174e9a567e303453cd5c30b428b6/-/horizon-files-prod/ed/picture/q8v4qpz6/064aa629a1e5589d770f8698cc6d5b7cd717fb29.jpg
D'occasion,Toyota,2021,Automatique,Sacré-cœur,39 000 000 F Cfa,https://i.roamcdn.net/hz/ed/listing-thumb-543w/6c37e26a5a51a9d67147fa3739fb430f/-/horizon-files-prod/ed/picture/q6xq7596/0e29a38270b61a72a9562f4f67f00bae80510f35.jpg
D'occasion,Ford,2020,Automatique,Sacré-cœur,20 500 000 F Cfa,https://i.roamcdn.net/hz/ed/listing-thumb-543w/8d89eb904d5906b87f0b202c8d198640/-/horizon-files-prod/ed/picture/qj46mzee/3138230fd4a1ebab74be9ef1bd9f4c3f3973330e.jpg
Réconditionné,Ford,2018,Automatique,Sacré-cœur,5 000 000 F Cfa,https://i.roamcdn.net/hz/ed/listing-thumb-543w/cafd8a7fe5ec3b53bb664435adb237aa/-/horizon-files-prod/ed/picture/q44nej98/51a285857e9caf20d8807e9c93bc2c155f54ce70.jpg
D'occasion,Ford,2013,Manuelle,Autres,20 000 000 F Cfa,https://i.roamcdn.net/hz/ed/listing-thumb-543w/ecb4be7cca441b38d121bf65b17bfeed/-/horizon-files-prod/ed/picture/q8v4qgrz/9191e1b3297441e1bf2bf9bfa166ab7b8e60b0bc.jpg
Venant,BMW,2016,Automatique,Golf,9 000 000 F Cfa,https://i.roamcdn.net/hz/ed/listing-thumb-543w/dcc3045b5f2281d5f93c6b7bbbbb8e53/-/horizon-files-prod/ed/picture/q56pwgm5/80ddf8e053752e49f47fc6210edb1278ea356ede.jpg
D'occasion,Ford,2016,Automatique,Dieuppeul,3 950 000 F Cfa,https://i.roamcdn.net/hz/ed/listing-thumb-543w/065194d9587a1ee3151ee00be50a0943/-/horizon-files-prod/ed/picture/qgqm5zqm/07931ec89b43f20f09cddc174fc1fe54e4110464.jpg
D'occasion,Hyundai,2016,Automatique,Cité Damel,8 100 000 F Cfa,https://i.roamcdn.net/hz/ed/listing-thumb-543w/b27a1523bc2d7fe763626a4b7ce4d7fe/-/horizon-files-prod/ed/picture/qde9rdq4/af4433ee3b92b58766ea9bf059bf552413ba0c90.jpg
D'occasion,Hyundai,2017,Automatique,Point-e,10 800 000 F Cfa,https://i.roamcdn.net/hz/ed/listing-thumb-543w/b48f995958d18ad55337843d928001f0/-/horizon-files-prod/ed/picture/q2jkz5rp/61c1afc2cf4bfcdbe05f2dfe305df92f65629c82.jpg
D'occasion,Kia,2016,Automatique,Point-e,11 700 000 F Cfa,https://i.roamcdn.net/hz/ed/listing-thumb-543w/c84abb472d226ea29cb40ee99f023fef/-/horizon-files-prod/ed/picture/qzv82edd/fec44bed2179c0c4057cfa256f5907ce4c14fbe3.jpg
D'occasion,Jeep,2014,Automatique,Sicap foire,10 500 000 F Cfa,https://i.roamcdn.net/hz/ed/listing-thumb-543w/0eff0c4657c7a34bdc36a24fd4a1364a/-/horizon-files-prod/ed/picture/qzv82epd/cda0f460c10b357c56239410e2f1da6b5ed06027.jpg
D'occasion,Hyundai,2012,Automatique,Yoff,2 350 000 F Cfa,https://i.roamcdn.net/hz/ed/listing-thumb-543w/b6b15a496f6049cf0fe8549ab188253c/-/horizon-files-prod/ed/picture/q8v4q6k0/3edb1aac66ed69aa586dd51b84549aa08ec9accf.jpg
Venant,Jeep,2016,Automatique,Parcelles Assainies,7 500 000 F Cfa,https://i.roamcdn.net/hz/ed/listing-thumb-543w/167686cc76b45314df7ea69fafb5da08/-/horizon-files-prod/ed/picture/qv4dmpz5/05432cd7d3fe41c971dd37ddd4cc5dfa2ba84df2.jpg
Neuf,Jeep,2022,Automatique,Sicap Sacré-cœur,49 000 000 F Cfa,https://i.roamcdn.net/hz/ed/listing-thumb-543w/bdce89a6983ec3f2d76456af562924c4/-/horizon-files-prod/ed/picture/q78we6d5/b5870d2892da279f34db28b3b4b686fa08cb10d7.jpg
Venant,Hyundai,2020,0,Liberte 6 extension,13 000 000 F Cfa,https://i.roamcdn.net/hz/ed/listing-thumb-543w/262684689518c8d3cdd5f3a26beed932/-/horizon-files-prod/ed/picture/qgqwvkme/4f9cee45b83fe4e44b4cabcece366d253ff88ed4.jpg
Venant,Mazda,2018,Automatique,Cité Damel,12 500 000 F Cfa,https://i.roamcdn.net/hz/ed/listing-thumb-543w/5dd5aec87f646212b7f3c6098fae62ac/-/horizon-files-prod/ed/picture/q445j7w9/e980bf91e2e9878934891a71e6d25501d3c792d3.jpg
Venant,Mercedes-Benz,2016,Automatique,Sicap baobab,9 990 000 F Cfa,https://i.roamcdn.net/hz/ed/listing-thumb-543w/40313a0df830c9c535e71c5a4552a2a6/-/horizon-files-prod/ed/picture/q6xq7z5j/7dfdbe085883f29b188b717cc32608b7b0252963.jpg
Neuf,Ford,2014,0,Parcelles Assainies,5 800 000 F Cfa,https://i.roamcdn.net/hz/ed/listing-thumb-543w/1ddfad412cb9638abd68a6b16f5eae87/-/horizon-files-prod/ed/picture/qwermj05/ecdb0031a51263d6c7ae5187d5fcf3ec4d746bda.jpg
Venant,BMW,2017,Automatique,Sicap foire,16 000 000 F Cfa,https://i.roamcdn.net/hz/ed/listing-thumb-543w/8f6af5120a7791cb3284f6e338e3920f/-/horizon-files-prod/ed/picture/q56pw590/3132fc31d2d5bbc6b5654f30ba9641a85a181124.jpg
D'occasion,Ford,2017,Automatique,Ouakam,5 500 000 F Cfa,https://i.roamcdn.net/hz/ed/listing-thumb-543w/2c03ebeeaec2769da216138cd821a4b2/-/horizon-files-prod/ed/picture/qpdgp29p/8af8786cc1e6d259c95bd49e87fc28a16c57e1f5.jpg
Venant,Peugeot,2018,Automatique,Hann maristes,12 500 000 F Cfa,https://i.roamcdn.net/hz/ed/listing-thumb-543w/5694669e61e8d3e23edb764518cc1d74/-/horizon-files-prod/ed/picture/q2jkzdwk/bd6224c0765a22d38db936294692010baa7ee81c.jpg
Venant,Renault,2020,Automatique,Liberte 6,12 000 000 F Cfa,https://i.roamcdn.net/hz/ed/listing-thumb-543w/5357ae20077373a27a7e5435ed1a8413/-/horizon-files-prod/ed/picture/qxj8dwm2/6d2a49d13cc97dda6a53603e4af652f12887bb74.jpg
D'occasion,BMW,2013,Automatique,Point-e,3 950 000 F Cfa,https://i.roamcdn.net/hz/ed/listing-thumb-543w/289d83292f0281b2eba6ba05d8eff02f/-/horizon-files-prod/ed/picture/qq4zqvve/79c6f2ec5a288b3e05b292f709d91b835ea075d5.jpg
D'occasion,Ford,2010,Automatique,VDN,4 400 000 F Cfa,https://i.roamcdn.net/hz/ed/listing-thumb-543w/e8232da90cdb6e9421fe91905df80226/-/horizon-files-prod/ed/picture/qzv8265g/d17e33541e66bb7201cb59c6257f68dba7f42a6b.jpg
D'occasion,Jeep,2011,Automatique,Yoff,6 500 000 F Cfa,https://i.roamcdn.net/hz/ed/listing-thumb-543w/621c311436700493a9ca99887851e96d/-/horizon-files-prod/ed/picture/qgqm50kk/d13ec4f3922f3cbf17c705a967bb2e7374a1be63.jpg
D'occasion,Toyota,2013,Automatique,Yoff,2 500 000 F Cfa,https://i.roamcdn.net/hz/ed/listing-thumb-543w/1b2dccb82b8d55aaa671f63f9c965982/-/horizon-files-prod/ed/picture/qenrd7m6/6b0d1bda73f397ad52a324a6ff5aad7c693cf3f9.jpg
Venant,Ford,2020,Automatique,Gibraltar,13 500 000 F Cfa,https://i.roamcdn.net/hz/ed/listing-thumb-543w/50d6f21d06f2b88cff049300fd9cae5d/-/horizon-files-prod/ed/picture/qenv6pzx/8f258f17e960b26e5c7655c48664945c60a6403d.jpg
Réconditionné,Mercedes-Benz,2023,Automatique,Sicap Sacré-cœur,40 000 000 F Cfa,https://i.roamcdn.net/hz/ed/listing-thumb-543w/218a9c136608ec829aace621c9ed04b1/-/horizon-files-prod/ed/picture/qq4zq25z/e506715ccc95e7a93038a96ed440b346480f135d.jpg
Venant,Kia,2020,Automatique,Ouakam,14 000 000 F Cfa,https://i.roamcdn.net/hz/ed/listing-thumb-543w/4f37fb9dd03dd71d5ac36fcbddf68f16/-/horizon-files-prod/ed/picture/qv4dmq6v/8bc833f414498a1dbf49fbb211de6e572cf06b39.jpg
Venant,Peugeot,2017,Automatique,Biscuiterie,13 000 000 F Cfa,https://i.roamcdn.net/hz/ed/listing-thumb-543w/b76c8915d737b81431a22d3b93bb5a49/-/horizon-files-prod/ed/picture/qpdmkd6w/a9e61286767db161452864293ca81d6c85731740.jpg
D'occasion,Jeep,2016,Automatique,Ouest foire,6 400 000 F Cfa,https://i.roamcdn.net/hz/ed/listing-thumb-543w/c01d00421d5682bbdf54fd5dcc6c1218/-/horizon-files-prod/ed/picture/qv4dmpvp/0e37b2bc6a00108ff3e9b4793fb6e91f477d6417.jpg
Venant,Ford,2017,Automatique,Ouest foire,6 700 000 F Cfa,https://i.roamcdn.net/hz/ed/listing-thumb-543w/165b0ef46cab0d1a0908955a37d79c5b/-/horizon-files-prod/ed/picture/q9mk0d45/20a8ab39601feab8b76934390d0439ca745483e1.jpg
Venant,Peugeot,2019,0,Thiès,10 000 000 F Cfa,https://i.roamcdn.net/hz/ed/listing-thumb-543w/e2cc014452123997351c9161e59c31c9/-/horizon-files-prod/ed/picture/q78wnen8/20406b7fc6116d861e5cfe51061243789a7f3d16.jpg
D'occasion,Ford,2015,Automatique,Ngor,18 900 000 F Cfa,https://i.roamcdn.net/hz/ed/listing-thumb-543w/02788d38fa6bff849d3958848f38ab1b/-/horizon-files-prod/ed/picture/q56d7mq5/4fa50282ea3fd41df299aba9c91c931769fa2e05.jpg
Venant,BMW,2017,Automatique,Cité Damel,11 200 000 F Cfa,https://i.roamcdn.net/hz/ed/listing-thumb-543w/2a0fd3f3cf80f51ab60a88415f37d22e/-/horizon-files-prod/ed/picture/q44nep28/e3daeac8a58907b4c75f1de7d71572bfd3b4d8e0.jpg
Venant,Ford,2017,Automatique,Hann maristes,9 500 000 F Cfa,https://i.roamcdn.net/hz/ed/listing-thumb-543w/ec2f25a5d1947a0905d39ad28e31e153/-/horizon-files-prod/ed/picture/q2j0p49g/ba9bffc41f66e4869a0b6c625ceeaaf435af915c.jpg
Neuf,Honda,2016,Automatique,Guediawaye,8 500 000 F Cfa,https://i.roamcdn.net/hz/ed/listing-thumb-543w/73523e78ded45b6f54c7091bd80b8675/-/horizon-files-prod/ed/picture/qv4dm5zg/015e129eeb74f9e25504310beac8ca09eec619e4.jpg
Neuf,Mazda,2019,Automatique,Guediawaye,11 700 000 F Cfa,https://i.roamcdn.net/hz/ed/listing-thumb-543w/1847a1848f8ea6303e02dd089dae5ac2/-/horizon-files-prod/ed/picture/qenrdj25/a142690b425609527b5451fc32f38b298441936a.jpg
Venant,Kia,2016,Automatique,Almadies 2,11 500 000 F Cfa,https://i.roamcdn.net/hz/ed/listing-thumb-543w/d26eefba48746e270707cf43e61dfd06/-/horizon-files-prod/ed/picture/q9mk06gn/50050de95b436362e1b80714e1ee77f8170a2ab0.jpg
Venant,BMW,2017,Automatique,VDN,11 500 000 F Cfa,https://i.roamcdn.net/hz/ed/listing-thumb-543w/2efb151a83b583176eb1a9d80e65cfa6/-/horizon-files-prod/ed/picture/qv4dm5qg/9ce8bf603f6ae72216b217c8692d8615fa3ccda2.jpg
D'occasion,Renault,2021,Automatique,VDN,10 000 000 F Cfa,https://i.roamcdn.net/hz/ed/listing-thumb-543w/7419253809d5106fe8e610c2e981f1a3/-/horizon-files-prod/ed/picture/qm50m94w/e17972b6893ba9e595c8bbef98af8352d99f1756.jpg
Venant,Toyota,2018,Automatique,Pikine,13 900 000 F Cfa,https://i.roamcdn.net/hz/ed/listing-thumb-543w/8536d70f158590037127f54751b8d74f/-/horizon-files-prod/ed/picture/q445j574/907e2e82518bcd7973834aa6e8b44f129adaa4c9.jpg
D'occasion,Jeep,2016,Automatique,Keur Massar,6 850 000 F Cfa,https://i.roamcdn.net/hz/ed/listing-thumb-543w/b93e89047641fa35f4f0b03ac2d74af8/-/horizon-files-prod/ed/picture/qpdgpqzp/81bbe230eda3ac08efd011b8686913a23e1bf727.jpg
Venant,BMW,2021,Automatique,Nord foire,30 000 000 F Cfa,https://i.roamcdn.net/hz/ed/listing-thumb-543w/1ec9a75bcfc2eff7c1c1f771c90c97c0/-/horizon-files-prod/ed/picture/qq4zq80k/73450d0ae0d55ab1d0b261ebc5e3c2bd3e3dc48b.jpg
Venant,BMW,2017,Automatique,Nord foire,10 000 000 F Cfa,https://i.roamcdn.net/hz/ed/listing-thumb-543w/5b4e2f6be658de5ad3d2873178c648d4/-/horizon-files-prod/ed/picture/q9mk067w/fddd2dce5ebfd7969f388d51f7208aec91b7ad62.jpg
Venant,Toyota,2015,Automatique,Nord foire,9 000 000 F Cfa,https://i.roamcdn.net/hz/ed/listing-thumb-543w/3acdae4493a08085483dce3c8e20d132/-/horizon-files-prod/ed/picture/qv4dm58k/c359786909cb168f6b3211bac0afe7f366245f1c.jpg
D'occasion,Peugeot,2022,Automatique,Point-e,19 500 000 F Cfa,https://i.roamcdn.net/hz/ed/listing-thumb-543w/49fbf4a229ea455176a7a330e7b68ce3/-/horizon-files-prod/ed/picture/qm50m9e2/87d691a16b8df839b317a989efeae568a92eb94c.jpg
D'occasion,Peugeot,2007,Manuelle,Parcelles Assainies,2 500 000 F Cfa,https://i.roamcdn.net/hz/ed/listing-thumb-543w/8770a10caa90d175c1db472ec6baee8e/-/horizon-files-prod/ed/picture/qzv8255d/391de69ddd1c434e6a5a08cb2e22a82118443f4e.jpg
Venant,Mitsubishi,2024,Manuelle,Cite Mixta,16 000 000 F Cfa,https://i.roamcdn.net/hz/ed/listing-thumb-543w/862de78f47beca271f931734230b941b/-/horizon-files-prod/ed/picture/qxj8dnw0/e34f4da4caa425ffb89b844181d0fbd282355179.jpg
Venant,Mazda,2018,Automatique,Hlm,12 500 000 F Cfa,https://i.roamcdn.net/hz/ed/listing-thumb-543w/08192858e86c54c8e98f6db3d5944e90/-/horizon-files-prod/ed/picture/q56pw8ex/827228505264fff7613a597e4e137bf9fffa92ac.jpg
Venant,Range Rover,2016,Automatique,Liberte 6,22 000 000 F Cfa,https://i.roamcdn.net/hz/ed/listing-thumb-543w/98e68aaa6d3e68d3bf50c73352648657/-/horizon-files-prod/ed/picture/q445j2qr/866ef57e42ce08c9ede5e9cfca3500c8dc6c4ece.jpg
D'occasion,Mercedes-Benz,2017,Automatique,Almadies,13 500 000 F Cfa,https://i.roamcdn.net/hz/ed/listing-thumb-543w/7d0f0e3eafe7342a68f7e4a49c844c56/-/horizon-files-prod/ed/picture/qde75x68/14ef3d85ffded606ddc2a9d3fceed0d0c1b67e3f.jpg
Venant,Peugeot,2016,Manuelle,VDN,5 700 000 F Cfa,https://i.roamcdn.net/hz/ed/listing-thumb-543w/ec017d1aa59f49b93969c0a6754c34ca/-/horizon-files-prod/ed/picture/q2j0p0r6/6c977ac98ece6005fbda3ce7d7ae06b561759d81.jpg
D'occasion,Hyundai,2018,Automatique,Sud foire,8 750 000 F Cfa,https://i.roamcdn.net/hz/ed/listing-thumb-543w/24a7cca14c8cc04e540ceab4cac59c46/-/horizon-files-prod/ed/picture/qm5g8nx2/25a55637cae4ed684b60b1f05f929076a4284a76.jpg
Venant,Mazda,2016,Automatique,Liberte 6,8 800 000 F Cfa,https://i.roamcdn.net/hz/ed/listing-thumb-543w/1066ef900e0f5118f4cd69a475ebe234/-/horizon-files-prod/ed/picture/q6xq729z/882f0e6dd6b4916f17538bdaaf1b47b79b39b9b3.jpg
